source_path	domain	target_path	status	reason
packages/backend/src/server/api/endpoints/admin/abuse-report/notification-recipient/create.ts	moderation	packages/features/moderation/backend/endpoints/admin/abuse-report/notification-recipient/create.ts	placed-with-bridge	Abuse reporting, moderator enforcement, investigation, or moderation audit workflow.
packages/backend/src/server/api/endpoints/admin/abuse-report/notification-recipient/delete.ts	moderation	packages/features/moderation/backend/endpoints/admin/abuse-report/notification-recipient/delete.ts	placed-with-bridge	Abuse reporting, moderator enforcement, investigation, or moderation audit workflow.
packages/backend/src/server/api/endpoints/admin/abuse-report/notification-recipient/list.ts	moderation	packages/features/moderation/backend/endpoints/admin/abuse-report/notification-recipient/list.ts	placed-with-bridge	Abuse reporting, moderator enforcement, investigation, or moderation audit workflow.
packages/backend/src/server/api/endpoints/admin/abuse-report/notification-recipient/show.ts	moderation	packages/features/moderation/backend/endpoints/admin/abuse-report/notification-recipient/show.ts	placed-with-bridge	Abuse reporting, moderator enforcement, investigation, or moderation audit workflow.
packages/backend/src/server/api/endpoints/admin/abuse-report/notification-recipient/update.ts	moderation	packages/features/moderation/backend/endpoints/admin/abuse-report/notification-recipient/update.ts	placed-with-bridge	Abuse reporting, moderator enforcement, investigation, or moderation audit workflow.
packages/backend/src/server/api/endpoints/admin/abuse-user-reports.ts	moderation	packages/features/moderation/backend/endpoints/admin/abuse-user-reports.ts	placed-with-bridge	Abuse reporting, moderator enforcement, investigation, or moderation audit workflow.
packages/backend/src/server/api/endpoints/admin/accounts/create.ts	auth	packages/features/auth/backend/endpoints/admin/accounts/create.ts	placed-with-bridge	Creates accounts through SignupService; signup ownership is auth despite the admin URL.
packages/backend/src/server/api/endpoints/admin/accounts/delete.ts	users	packages/features/users/backend/endpoints/admin/accounts/delete.ts	placed-with-bridge	Account deletion lifecycle belongs to users.
packages/backend/src/server/api/endpoints/admin/accounts/find-by-email.ts	users	packages/features/users/backend/endpoints/admin/accounts/find-by-email.ts	placed-with-bridge	User account lifecycle, profile state, user lookup, or user-facing account data.
packages/backend/src/server/api/endpoints/admin/ad/create.ts	instance	packages/features/instance/backend/endpoints/admin/ad/create.ts	placed-with-bridge	Instance metadata, settings, or server-wide advertisement/pinned-account configuration.
packages/backend/src/server/api/endpoints/admin/ad/delete.ts	instance	packages/features/instance/backend/endpoints/admin/ad/delete.ts	placed-with-bridge	Instance metadata, settings, or server-wide advertisement/pinned-account configuration.
packages/backend/src/server/api/endpoints/admin/ad/list.ts	instance	packages/features/instance/backend/endpoints/admin/ad/list.ts	placed-with-bridge	Instance metadata, settings, or server-wide advertisement/pinned-account configuration.
packages/backend/src/server/api/endpoints/admin/ad/update.ts	instance	packages/features/instance/backend/endpoints/admin/ad/update.ts	placed-with-bridge	Instance metadata, settings, or server-wide advertisement/pinned-account configuration.
packages/backend/src/server/api/endpoints/admin/announcements/create.ts	announcements	packages/features/announcements/backend/endpoints/admin/announcements/create.ts	placed-with-bridge	Announcement publication, lookup, and read state.
packages/backend/src/server/api/endpoints/admin/announcements/list.ts	announcements	packages/features/announcements/backend/endpoints/admin/announcements/list.ts	placed-with-bridge	Announcement publication, lookup, and read state.
packages/backend/src/server/api/endpoints/admin/avatar-decorations/create.ts	avatar-decorations	packages/features/avatar-decorations/backend/endpoints/admin/avatar-decorations/create.ts	placed-with-bridge	Avatar decoration catalog and management.
packages/backend/src/server/api/endpoints/admin/avatar-decorations/list.ts	avatar-decorations	packages/features/avatar-decorations/backend/endpoints/admin/avatar-decorations/list.ts	placed-with-bridge	Avatar decoration catalog and management.
packages/backend/src/server/api/endpoints/admin/captcha/current.ts	auth	packages/features/auth/backend/endpoints/admin/captcha/current.ts	placed-with-bridge	Authentication, signup, credentials, sessions, OAuth/MiAuth, or app authorization.
packages/backend/src/server/api/endpoints/admin/captcha/save.ts	auth	packages/features/auth/backend/endpoints/admin/captcha/save.ts	placed-with-bridge	Authentication, signup, credentials, sessions, OAuth/MiAuth, or app authorization.
packages/backend/src/server/api/endpoints/admin/delete-account.ts	users	packages/features/users/backend/endpoints/admin/delete-account.ts	placed-with-bridge	Admin-triggered account deletion lifecycle belongs to users.
packages/backend/src/server/api/endpoints/admin/delete-all-files-of-a-user.ts	drive	packages/features/drive/backend/endpoints/admin/delete-all-files-of-a-user.ts	placed-with-bridge	Deletes a user’s stored drive files through DriveService.
packages/backend/src/server/api/endpoints/admin/drive/clean-remote-files.ts	drive	packages/features/drive/backend/endpoints/admin/drive/clean-remote-files.ts	placed-with-bridge	Drive file/folder storage, cleanup, or file operations.
packages/backend/src/server/api/endpoints/admin/drive/cleanup.ts	drive	packages/features/drive/backend/endpoints/admin/drive/cleanup.ts	placed-with-bridge	Drive file/folder storage, cleanup, or file operations.
packages/backend/src/server/api/endpoints/admin/drive/files.ts	drive	packages/features/drive/backend/endpoints/admin/drive/files.ts	placed-with-bridge	Drive file/folder storage, cleanup, or file operations.
packages/backend/src/server/api/endpoints/admin/drive/show-file.ts	drive	packages/features/drive/backend/endpoints/admin/drive/show-file.ts	placed-with-bridge	Drive file/folder storage, cleanup, or file operations.
packages/backend/src/server/api/endpoints/admin/emoji/add.ts	emojis	packages/features/emojis/backend/endpoints/admin/emoji/add.ts	placed-with-bridge	Emoji catalog and custom-emoji management/export.
packages/backend/src/server/api/endpoints/admin/emoji/copy.ts	emojis	packages/features/emojis/backend/endpoints/admin/emoji/copy.ts	placed-with-bridge	Emoji catalog and custom-emoji management/export.
packages/backend/src/server/api/endpoints/admin/emoji/delete-bulk.ts	emojis	packages/features/emojis/backend/endpoints/admin/emoji/delete-bulk.ts	placed-with-bridge	Emoji catalog and custom-emoji management/export.
packages/backend/src/server/api/endpoints/admin/emoji/delete.ts	emojis	packages/features/emojis/backend/endpoints/admin/emoji/delete.ts	placed-with-bridge	Emoji catalog and custom-emoji management/export.
packages/backend/src/server/api/endpoints/admin/emoji/import-zip.ts	emojis	packages/features/emojis/backend/endpoints/admin/emoji/import-zip.ts	placed-with-bridge	Emoji catalog and custom-emoji management/export.
packages/backend/src/server/api/endpoints/admin/emoji/list-remote.ts	emojis	packages/features/emojis/backend/endpoints/admin/emoji/list-remote.ts	placed-with-bridge	Emoji catalog and custom-emoji management/export.
packages/backend/src/server/api/endpoints/admin/emoji/list.ts	emojis	packages/features/emojis/backend/endpoints/admin/emoji/list.ts	placed-with-bridge	Emoji catalog and custom-emoji management/export.
packages/backend/src/server/api/endpoints/admin/emoji/update.ts	emojis	packages/features/emojis/backend/endpoints/admin/emoji/update.ts	placed-with-bridge	Emoji catalog and custom-emoji management/export.
packages/backend/src/server/api/endpoints/admin/federation/delete-all-files.ts	federation	packages/features/federation/backend/endpoints/admin/federation/delete-all-files.ts	placed-without-bridge	Implementation placed with its existing federation-owned native API contract; exports, metadata, constructor dependencies and handler behavior are unchanged.
packages/backend/src/server/api/endpoints/admin/federation/refresh-remote-instance-metadata.ts	federation	packages/features/federation/backend/endpoints/admin/federation/refresh-remote-instance-metadata.ts	placed-with-bridge	ActivityPub, remote instances/users, relays, or federation metadata.
packages/backend/src/server/api/endpoints/admin/federation/remove-all-following.ts	federation	packages/features/federation/backend/endpoints/admin/federation/remove-all-following.ts	placed-without-bridge	Implementation placed with its existing federation-owned native API contract; exports, metadata, constructor dependencies and handler behavior are unchanged.
packages/backend/src/server/api/endpoints/admin/federation/update-instance.ts	federation	packages/features/federation/backend/endpoints/admin/federation/update-instance.ts	placed-with-bridge	ActivityPub, remote instances/users, relays, or federation metadata.
packages/backend/src/server/api/endpoints/admin/forward-abuse-user-report.ts	moderation	packages/features/moderation/backend/endpoints/admin/forward-abuse-user-report.ts	placed-with-bridge	Abuse reporting, moderator enforcement, investigation, or moderation audit workflow.
packages/backend/src/server/api/endpoints/admin/get-index-stats.ts	operations	packages/features/operations/backend/endpoints/admin/get-index-stats.ts	placed-with-bridge	Administrative queue, database, or infrastructure maintenance/control.
packages/backend/src/server/api/endpoints/admin/get-table-stats.ts	operations	packages/features/operations/backend/endpoints/admin/get-table-stats.ts	placed-with-bridge	Administrative queue, database, or infrastructure maintenance/control.
packages/backend/src/server/api/endpoints/admin/get-user-ips.ts	moderation	packages/features/moderation/backend/endpoints/admin/get-user-ips.ts	placed-with-bridge	Admin investigation of sign-in IP history is an audit/moderation surface.
packages/backend/src/server/api/endpoints/admin/invite/create.ts	auth	packages/features/auth/backend/endpoints/admin/invite/create.ts	placed-with-bridge	Authentication, signup, credentials, sessions, OAuth/MiAuth, or app authorization.
packages/backend/src/server/api/endpoints/admin/invite/list.ts	auth	packages/features/auth/backend/endpoints/admin/invite/list.ts	placed-with-bridge	Authentication, signup, credentials, sessions, OAuth/MiAuth, or app authorization.
packages/backend/src/server/api/endpoints/admin/meta.ts	instance	packages/features/instance/backend/endpoints/admin/meta.ts	placed-with-bridge	Instance metadata, settings, or server-wide advertisement/pinned-account configuration.
packages/backend/src/server/api/endpoints/admin/promo/create.ts	notes	packages/features/notes/backend/endpoints/admin/promo/create.ts	placed-with-bridge	Creates a promotion record for a note; promo state follows notes.
packages/backend/src/server/api/endpoints/admin/queue/deliver-delayed.ts	operations	packages/features/operations/backend/endpoints/admin/queue/deliver-delayed.ts	placed-with-bridge	Administrative queue, database, or infrastructure maintenance/control.
packages/backend/src/server/api/endpoints/admin/queue/inbox-delayed.ts	operations	packages/features/operations/backend/endpoints/admin/queue/inbox-delayed.ts	placed-with-bridge	Administrative queue, database, or infrastructure maintenance/control.
packages/backend/src/server/api/endpoints/admin/queue/jobs.ts	operations	packages/features/operations/backend/endpoints/admin/queue/jobs.ts	placed-with-bridge	Administrative queue, database, or infrastructure maintenance/control.
packages/backend/src/server/api/endpoints/admin/queue/queue-stats.ts	operations	packages/features/operations/backend/endpoints/admin/queue/queue-stats.ts	placed-with-bridge	Administrative queue, database, or infrastructure maintenance/control.
packages/backend/src/server/api/endpoints/admin/queue/queues.ts	operations	packages/features/operations/backend/endpoints/admin/queue/queues.ts	placed-with-bridge	Administrative queue, database, or infrastructure maintenance/control.
packages/backend/src/server/api/endpoints/admin/queue/show-job-logs.ts	operations	packages/features/operations/backend/endpoints/admin/queue/show-job-logs.ts	placed-with-bridge	Administrative queue, database, or infrastructure maintenance/control.
packages/backend/src/server/api/endpoints/admin/queue/show-job.ts	operations	packages/features/operations/backend/endpoints/admin/queue/show-job.ts	placed-with-bridge	Administrative queue, database, or infrastructure maintenance/control.
packages/backend/src/server/api/endpoints/admin/queue/stats.ts	operations	packages/features/operations/backend/endpoints/admin/queue/stats.ts	placed-with-bridge	Administrative queue, database, or infrastructure maintenance/control.
packages/backend/src/server/api/endpoints/admin/relays/add.ts	federation	packages/features/federation/backend/endpoints/admin/relays/add.ts	placed-with-bridge	ActivityPub, remote instances/users, relays, or federation metadata.
packages/backend/src/server/api/endpoints/admin/relays/list.ts	federation	packages/features/federation/backend/endpoints/admin/relays/list.ts	placed-with-bridge	ActivityPub, remote instances/users, relays, or federation metadata.
packages/backend/src/server/api/endpoints/admin/relays/remove.ts	federation	packages/features/federation/backend/endpoints/admin/relays/remove.ts	placed-with-bridge	ActivityPub, remote instances/users, relays, or federation metadata.
packages/backend/src/server/api/endpoints/admin/reset-password.ts	auth	packages/features/auth/backend/endpoints/admin/reset-password.ts	placed-with-bridge	Authentication, signup, credentials, sessions, OAuth/MiAuth, or app authorization.
packages/backend/src/server/api/endpoints/admin/resolve-abuse-user-report.ts	moderation	packages/features/moderation/backend/endpoints/admin/resolve-abuse-user-report.ts	placed-with-bridge	Abuse reporting, moderator enforcement, investigation, or moderation audit workflow.
packages/backend/src/server/api/endpoints/admin/roles/assign.ts	roles	packages/features/roles/backend/endpoints/admin/roles/assign.ts	placed-with-bridge	Role CRUD, capability policy, and assignment APIs.
packages/backend/src/server/api/endpoints/admin/roles/create.ts	roles	packages/features/roles/backend/endpoints/admin/roles/create.ts	placed-with-bridge	Role CRUD, capability policy, and assignment APIs.
packages/backend/src/server/api/endpoints/admin/roles/delete.ts	roles	packages/features/roles/backend/endpoints/admin/roles/delete.ts	placed-with-bridge	Role CRUD, capability policy, and assignment APIs.
packages/backend/src/server/api/endpoints/admin/roles/list.ts	roles	packages/features/roles/backend/endpoints/admin/roles/list.ts	placed-with-bridge	Role CRUD, capability policy, and assignment APIs.
packages/backend/src/server/api/endpoints/admin/roles/show.ts	roles	packages/features/roles/backend/endpoints/admin/roles/show.ts	placed-with-bridge	Role CRUD, capability policy, and assignment APIs.
packages/backend/src/server/api/endpoints/admin/roles/unassign.ts	roles	packages/features/roles/backend/endpoints/admin/roles/unassign.ts	placed-with-bridge	Role CRUD, capability policy, and assignment APIs.
packages/backend/src/server/api/endpoints/admin/roles/update-default-policies.ts	roles	packages/features/roles/backend/endpoints/admin/roles/update-default-policies.ts	placed-with-bridge	Role CRUD, capability policy, and assignment APIs.
packages/backend/src/server/api/endpoints/admin/roles/update.ts	roles	packages/features/roles/backend/endpoints/admin/roles/update.ts	placed-with-bridge	Role CRUD, capability policy, and assignment APIs.
packages/backend/src/server/api/endpoints/admin/roles/users.ts	roles	packages/features/roles/backend/endpoints/admin/roles/users.ts	placed-with-bridge	Role CRUD, capability policy, and assignment APIs.
packages/backend/src/server/api/endpoints/admin/send-email.ts	integrations	packages/features/integrations/backend/endpoints/admin/send-email.ts	placed-without-bridge	Implementation placed with its existing integrations-owned native API contract; exports, metadata, constructor dependencies and handler behavior are unchanged.
packages/backend/src/server/api/endpoints/admin/server-info.ts	instance	packages/features/instance/backend/endpoints/admin/server-info.ts	placed-with-bridge	Instance metadata, settings, or server-wide advertisement/pinned-account configuration.
packages/backend/src/server/api/endpoints/admin/show-moderation-logs.ts	moderation	packages/features/moderation/backend/endpoints/admin/show-moderation-logs.ts	placed-with-bridge	Abuse reporting, moderator enforcement, investigation, or moderation audit workflow.
packages/backend/src/server/api/endpoints/admin/show-user.ts	moderation	packages/features/moderation/backend/endpoints/admin/show-user.ts	placed-with-bridge	The admin user-detail/moderation investigation workflow is surfaced by the moderation feature.
packages/backend/src/server/api/endpoints/admin/show-users.ts	moderation	packages/features/moderation/backend/endpoints/admin/show-users.ts	placed-without-bridge	Implementation placed with its existing moderation-owned native API contract; exports, metadata, constructor dependencies and handler behavior are unchanged.
packages/backend/src/server/api/endpoints/admin/suspend-user.ts	moderation	packages/features/moderation/backend/endpoints/admin/suspend-user.ts	placed-with-bridge	Abuse reporting, moderator enforcement, investigation, or moderation audit workflow.
packages/backend/src/server/api/endpoints/admin/system-webhook/create.ts	integrations	packages/features/integrations/backend/endpoints/admin/system-webhook/create.ts	placed-with-bridge	Webhooks or external extension/resource integration workflows.
packages/backend/src/server/api/endpoints/admin/system-webhook/delete.ts	integrations	packages/features/integrations/backend/endpoints/admin/system-webhook/delete.ts	placed-with-bridge	Webhooks or external extension/resource integration workflows.
packages/backend/src/server/api/endpoints/admin/system-webhook/list.ts	integrations	packages/features/integrations/backend/endpoints/admin/system-webhook/list.ts	placed-with-bridge	Webhooks or external extension/resource integration workflows.
packages/backend/src/server/api/endpoints/admin/system-webhook/show.ts	integrations	packages/features/integrations/backend/endpoints/admin/system-webhook/show.ts	placed-with-bridge	Webhooks or external extension/resource integration workflows.
packages/backend/src/server/api/endpoints/admin/system-webhook/test.ts	integrations	packages/features/integrations/backend/endpoints/admin/system-webhook/test.ts	placed-with-bridge	Webhooks or external extension/resource integration workflows.
packages/backend/src/server/api/endpoints/admin/system-webhook/update.ts	integrations	packages/features/integrations/backend/endpoints/admin/system-webhook/update.ts	placed-with-bridge	Webhooks or external extension/resource integration workflows.
packages/backend/src/server/api/endpoints/admin/unset-mfa.ts	auth	packages/features/auth/backend/endpoints/admin/unset-mfa.ts	placed-with-bridge	Authentication, signup, credentials, sessions, OAuth/MiAuth, or app authorization.
packages/backend/src/server/api/endpoints/admin/unset-user-avatar.ts	moderation	packages/features/moderation/backend/endpoints/admin/unset-user-avatar.ts	placed-with-bridge	Abuse reporting, moderator enforcement, investigation, or moderation audit workflow.
packages/backend/src/server/api/endpoints/admin/unset-user-banner.ts	moderation	packages/features/moderation/backend/endpoints/admin/unset-user-banner.ts	placed-with-bridge	Abuse reporting, moderator enforcement, investigation, or moderation audit workflow.
packages/backend/src/server/api/endpoints/admin/unsuspend-user.ts	moderation	packages/features/moderation/backend/endpoints/admin/unsuspend-user.ts	placed-with-bridge	Abuse reporting, moderator enforcement, investigation, or moderation audit workflow.
packages/backend/src/server/api/endpoints/admin/update-abuse-user-report.ts	moderation	packages/features/moderation/backend/endpoints/admin/update-abuse-user-report.ts	placed-with-bridge	Abuse reporting, moderator enforcement, investigation, or moderation audit workflow.
packages/backend/src/server/api/endpoints/admin/update-meta.ts	instance	packages/features/instance/backend/endpoints/admin/update-meta.ts	placed-with-bridge	Instance metadata, settings, or server-wide advertisement/pinned-account configuration.
packages/backend/src/server/api/endpoints/admin/update-proxy-account.ts	users	packages/features/users/backend/endpoints/admin/update-proxy-account.ts	placed-without-bridge	Implementation placed with its existing users-owned native API contract; exports, metadata, constructor dependencies and handler behavior are unchanged.
packages/backend/src/server/api/endpoints/admin/update-user-note.ts	moderation	packages/features/moderation/backend/endpoints/admin/update-user-note.ts	placed-with-bridge	Abuse reporting, moderator enforcement, investigation, or moderation audit workflow.
packages/backend/src/server/api/endpoints/announcements.ts	announcements	packages/features/announcements/backend/endpoints/announcements.ts	placed-with-bridge	Announcement publication, lookup, and read state.
packages/backend/src/server/api/endpoints/announcements/show.ts	announcements	packages/features/announcements/backend/endpoints/announcements/show.ts	placed-with-bridge	Announcement publication, lookup, and read state.
packages/backend/src/server/api/endpoints/antennas/create.ts	timelines	packages/features/timelines/backend/endpoints/antennas/create.ts	placed-with-bridge	Antenna/timeline query and management surface.
packages/backend/src/server/api/endpoints/antennas/delete.ts	timelines	packages/features/timelines/backend/endpoints/antennas/delete.ts	placed-with-bridge	Antenna/timeline query and management surface.
packages/backend/src/server/api/endpoints/antennas/list.ts	timelines	packages/features/timelines/backend/endpoints/antennas/list.ts	placed-with-bridge	Antenna/timeline query and management surface.
packages/backend/src/server/api/endpoints/antennas/notes.ts	timelines	packages/features/timelines/backend/endpoints/antennas/notes.ts	placed-with-bridge	Antenna/timeline query and management surface.
packages/backend/src/server/api/endpoints/antennas/remove-note.ts	timelines	packages/features/timelines/backend/endpoints/antennas/remove-note.ts	placed-with-bridge	Antenna/timeline query and management surface.
packages/backend/src/server/api/endpoints/antennas/show.ts	timelines	packages/features/timelines/backend/endpoints/antennas/show.ts	placed-with-bridge	Antenna/timeline query and management surface.
packages/backend/src/server/api/endpoints/antennas/update.ts	timelines	packages/features/timelines/backend/endpoints/antennas/update.ts	placed-with-bridge	Antenna/timeline query and management surface.
packages/backend/src/server/api/endpoints/ap/get.ts	federation	packages/features/federation/backend/endpoints/ap/get.ts	placed-with-bridge	ActivityPub, remote instances/users, relays, or federation metadata.
packages/backend/src/server/api/endpoints/ap/show.ts	federation	packages/features/federation/backend/endpoints/ap/show.ts	placed-with-bridge	ActivityPub, remote instances/users, relays, or federation metadata.
packages/backend/src/server/api/endpoints/app/create.ts	auth	packages/features/auth/backend/endpoints/app/create.ts	placed-with-bridge	Authentication, signup, credentials, sessions, OAuth/MiAuth, or app authorization.
packages/backend/src/server/api/endpoints/app/show.ts	auth	packages/features/auth/backend/endpoints/app/show.ts	placed-with-bridge	Authentication, signup, credentials, sessions, OAuth/MiAuth, or app authorization.
packages/backend/src/server/api/endpoints/auth/accept.ts	auth	packages/features/auth/backend/endpoints/auth/accept.ts	placed-with-bridge	Authentication, signup, credentials, sessions, OAuth/MiAuth, or app authorization.
packages/backend/src/server/api/endpoints/auth/session/generate.ts	auth	packages/features/auth/backend/endpoints/auth/session/generate.ts	placed-with-bridge	Authentication, signup, credentials, sessions, OAuth/MiAuth, or app authorization.
packages/backend/src/server/api/endpoints/auth/session/show.ts	auth	packages/features/auth/backend/endpoints/auth/session/show.ts	placed-with-bridge	Authentication, signup, credentials, sessions, OAuth/MiAuth, or app authorization.
packages/backend/src/server/api/endpoints/auth/session/userkey.ts	auth	packages/features/auth/backend/endpoints/auth/session/userkey.ts	placed-with-bridge	Authentication, signup, credentials, sessions, OAuth/MiAuth, or app authorization.
packages/backend/src/server/api/endpoints/blocking/create.ts	relationships	packages/features/relationships/backend/endpoints/blocking/create.ts	placed-with-bridge	Follow/block/mute/list graph state or relationship queries.
packages/backend/src/server/api/endpoints/blocking/delete.ts	relationships	packages/features/relationships/backend/endpoints/blocking/delete.ts	placed-with-bridge	Follow/block/mute/list graph state or relationship queries.
packages/backend/src/server/api/endpoints/blocking/list.ts	relationships	packages/features/relationships/backend/endpoints/blocking/list.ts	placed-with-bridge	Follow/block/mute/list graph state or relationship queries.
packages/backend/src/server/api/endpoints/bubble-game/ranking.ts	games	packages/features/games/backend/endpoints/bubble-game/ranking.ts	placed-with-bridge	Reversi and bubble-game APIs.
packages/backend/src/server/api/endpoints/bubble-game/register.ts	games	packages/features/games/backend/endpoints/bubble-game/register.ts	placed-with-bridge	Reversi and bubble-game APIs.
packages/backend/src/server/api/endpoints/channels/create.ts	channels	packages/features/channels/backend/endpoints/channels/create.ts	placed-with-bridge	Channel content, membership, search, favorites, or channel mute state.
packages/backend/src/server/api/endpoints/channels/featured.ts	channels	packages/features/channels/backend/endpoints/channels/featured.ts	placed-with-bridge	Channel content, membership, search, favorites, or channel mute state.
packages/backend/src/server/api/endpoints/channels/followed.ts	channels	packages/features/channels/backend/endpoints/channels/followed.ts	placed-with-bridge	Channel content, membership, search, favorites, or channel mute state.
packages/backend/src/server/api/endpoints/channels/mute/list.ts	channels	packages/features/channels/backend/endpoints/channels/mute/list.ts	placed-with-bridge	Channel content, membership, search, favorites, or channel mute state.
packages/backend/src/server/api/endpoints/channels/my-favorites.ts	channels	packages/features/channels/backend/endpoints/channels/my-favorites.ts	placed-with-bridge	Channel content, membership, search, favorites, or channel mute state.
packages/backend/src/server/api/endpoints/channels/owned.ts	channels	packages/features/channels/backend/endpoints/channels/owned.ts	placed-with-bridge	Channel content, membership, search, favorites, or channel mute state.
packages/backend/src/server/api/endpoints/channels/search.ts	channels	packages/features/channels/backend/endpoints/channels/search.ts	placed-with-bridge	Channel content, membership, search, favorites, or channel mute state.
packages/backend/src/server/api/endpoints/channels/show.ts	channels	packages/features/channels/backend/endpoints/channels/show.ts	placed-with-bridge	Channel content, membership, search, favorites, or channel mute state.
packages/backend/src/server/api/endpoints/channels/timeline.ts	channels	packages/features/channels/backend/endpoints/channels/timeline.ts	placed-with-bridge	Channel content, membership, search, favorites, or channel mute state.
packages/backend/src/server/api/endpoints/channels/update.ts	channels	packages/features/channels/backend/endpoints/channels/update.ts	placed-with-bridge	Channel content, membership, search, favorites, or channel mute state.
packages/backend/src/server/api/endpoints/charts/active-users.ts	statistics	packages/features/statistics/backend/endpoints/charts/active-users.ts	placed-with-bridge	Charts, instance metrics, or retention/statistics data.
packages/backend/src/server/api/endpoints/charts/ap-request.ts	statistics	packages/features/statistics/backend/endpoints/charts/ap-request.ts	placed-with-bridge	Charts, instance metrics, or retention/statistics data.
packages/backend/src/server/api/endpoints/charts/drive.ts	statistics	packages/features/statistics/backend/endpoints/charts/drive.ts	placed-with-bridge	Charts, instance metrics, or retention/statistics data.
packages/backend/src/server/api/endpoints/charts/federation.ts	statistics	packages/features/statistics/backend/endpoints/charts/federation.ts	placed-with-bridge	Charts, instance metrics, or retention/statistics data.
packages/backend/src/server/api/endpoints/charts/instance.ts	statistics	packages/features/statistics/backend/endpoints/charts/instance.ts	placed-with-bridge	Charts, instance metrics, or retention/statistics data.
packages/backend/src/server/api/endpoints/charts/notes.ts	statistics	packages/features/statistics/backend/endpoints/charts/notes.ts	placed-with-bridge	Charts, instance metrics, or retention/statistics data.
packages/backend/src/server/api/endpoints/charts/user/drive.ts	statistics	packages/features/statistics/backend/endpoints/charts/user/drive.ts	placed-with-bridge	Charts, instance metrics, or retention/statistics data.
packages/backend/src/server/api/endpoints/charts/user/following.ts	statistics	packages/features/statistics/backend/endpoints/charts/user/following.ts	placed-with-bridge	Charts, instance metrics, or retention/statistics data.
packages/backend/src/server/api/endpoints/charts/user/notes.ts	statistics	packages/features/statistics/backend/endpoints/charts/user/notes.ts	placed-with-bridge	Charts, instance metrics, or retention/statistics data.
packages/backend/src/server/api/endpoints/charts/user/pv.ts	statistics	packages/features/statistics/backend/endpoints/charts/user/pv.ts	placed-with-bridge	Charts, instance metrics, or retention/statistics data.
packages/backend/src/server/api/endpoints/charts/user/reactions.ts	statistics	packages/features/statistics/backend/endpoints/charts/user/reactions.ts	placed-with-bridge	Charts, instance metrics, or retention/statistics data.
packages/backend/src/server/api/endpoints/charts/users.ts	statistics	packages/features/statistics/backend/endpoints/charts/users.ts	placed-with-bridge	Charts, instance metrics, or retention/statistics data.
packages/backend/src/server/api/endpoints/chat/history.ts	chat	packages/features/chat/backend/endpoints/chat/history.ts	placed-with-bridge	Chat rooms, messages, membership, read state, or chat search.
packages/backend/src/server/api/endpoints/chat/messages/create-to-room.ts	chat	packages/features/chat/backend/endpoints/chat/messages/create-to-room.ts	placed-with-bridge	Chat rooms, messages, membership, read state, or chat search.
packages/backend/src/server/api/endpoints/chat/messages/create-to-user.ts	chat	packages/features/chat/backend/endpoints/chat/messages/create-to-user.ts	placed-with-bridge	Chat rooms, messages, membership, read state, or chat search.
packages/backend/src/server/api/endpoints/chat/messages/room-timeline.ts	chat	packages/features/chat/backend/endpoints/chat/messages/room-timeline.ts	placed-with-bridge	Chat rooms, messages, membership, read state, or chat search.
packages/backend/src/server/api/endpoints/chat/messages/search.ts	chat	packages/features/chat/backend/endpoints/chat/messages/search.ts	placed-with-bridge	Chat rooms, messages, membership, read state, or chat search.
packages/backend/src/server/api/endpoints/chat/messages/show.ts	chat	packages/features/chat/backend/endpoints/chat/messages/show.ts	placed-with-bridge	Chat rooms, messages, membership, read state, or chat search.
packages/backend/src/server/api/endpoints/chat/messages/user-timeline.ts	chat	packages/features/chat/backend/endpoints/chat/messages/user-timeline.ts	placed-with-bridge	Chat rooms, messages, membership, read state, or chat search.
packages/backend/src/server/api/endpoints/chat/rooms/create.ts	chat	packages/features/chat/backend/endpoints/chat/rooms/create.ts	placed-with-bridge	Chat rooms, messages, membership, read state, or chat search.
packages/backend/src/server/api/endpoints/chat/rooms/invitations/create.ts	chat	packages/features/chat/backend/endpoints/chat/rooms/invitations/create.ts	placed-with-bridge	Chat rooms, messages, membership, read state, or chat search.
packages/backend/src/server/api/endpoints/chat/rooms/invitations/inbox.ts	chat	packages/features/chat/backend/endpoints/chat/rooms/invitations/inbox.ts	placed-with-bridge	Chat rooms, messages, membership, read state, or chat search.
packages/backend/src/server/api/endpoints/chat/rooms/invitations/outbox.ts	chat	packages/features/chat/backend/endpoints/chat/rooms/invitations/outbox.ts	placed-with-bridge	Chat rooms, messages, membership, read state, or chat search.
packages/backend/src/server/api/endpoints/chat/rooms/joining.ts	chat	packages/features/chat/backend/endpoints/chat/rooms/joining.ts	placed-with-bridge	Chat rooms, messages, membership, read state, or chat search.
packages/backend/src/server/api/endpoints/chat/rooms/members.ts	chat	packages/features/chat/backend/endpoints/chat/rooms/members.ts	placed-with-bridge	Chat rooms, messages, membership, read state, or chat search.
packages/backend/src/server/api/endpoints/chat/rooms/owned.ts	chat	packages/features/chat/backend/endpoints/chat/rooms/owned.ts	placed-with-bridge	Chat rooms, messages, membership, read state, or chat search.
packages/backend/src/server/api/endpoints/chat/rooms/show.ts	chat	packages/features/chat/backend/endpoints/chat/rooms/show.ts	placed-with-bridge	Chat rooms, messages, membership, read state, or chat search.
packages/backend/src/server/api/endpoints/chat/rooms/update.ts	chat	packages/features/chat/backend/endpoints/chat/rooms/update.ts	placed-with-bridge	Chat rooms, messages, membership, read state, or chat search.
packages/backend/src/server/api/endpoints/clips/create.ts	collections	packages/features/collections/backend/endpoints/clips/create.ts	placed-with-bridge	Clips, favorites, and saved-note collection surfaces.
packages/backend/src/server/api/endpoints/clips/list.ts	collections	packages/features/collections/backend/endpoints/clips/list.ts	placed-with-bridge	Clips, favorites, and saved-note collection surfaces.
packages/backend/src/server/api/endpoints/clips/my-favorites.ts	collections	packages/features/collections/backend/endpoints/clips/my-favorites.ts	placed-with-bridge	Clips, favorites, and saved-note collection surfaces.
packages/backend/src/server/api/endpoints/clips/notes.ts	collections	packages/features/collections/backend/endpoints/clips/notes.ts	placed-with-bridge	Clips, favorites, and saved-note collection surfaces.
packages/backend/src/server/api/endpoints/clips/show.ts	collections	packages/features/collections/backend/endpoints/clips/show.ts	placed-with-bridge	Clips, favorites, and saved-note collection surfaces.
packages/backend/src/server/api/endpoints/clips/update.ts	collections	packages/features/collections/backend/endpoints/clips/update.ts	placed-with-bridge	Clips, favorites, and saved-note collection surfaces.
packages/backend/src/server/api/endpoints/drive.ts	drive	packages/features/drive/backend/endpoints/drive.ts	placed-with-bridge	Drive file/folder storage, cleanup, or file operations.
packages/backend/src/server/api/endpoints/drive/files.ts	drive	packages/features/drive/backend/endpoints/drive/files.ts	placed-with-bridge	Drive file/folder storage, cleanup, or file operations.
packages/backend/src/server/api/endpoints/drive/files/attached-chat-messages.ts	drive	packages/features/drive/backend/endpoints/drive/files/attached-chat-messages.ts	placed-with-bridge	Drive file/folder storage, cleanup, or file operations.
packages/backend/src/server/api/endpoints/drive/files/attached-notes.ts	drive	packages/features/drive/backend/endpoints/drive/files/attached-notes.ts	placed-with-bridge	Drive file/folder storage, cleanup, or file operations.
packages/backend/src/server/api/endpoints/drive/files/check-existence.ts	drive	packages/features/drive/backend/endpoints/drive/files/check-existence.ts	placed-with-bridge	Drive file/folder storage, cleanup, or file operations.
packages/backend/src/server/api/endpoints/drive/files/create.ts	drive	packages/features/drive/backend/endpoints/drive/files/create.ts	placed-with-bridge	Drive file/folder storage, cleanup, or file operations.
packages/backend/src/server/api/endpoints/drive/files/delete.ts	drive	packages/features/drive/backend/endpoints/drive/files/delete.ts	placed-with-bridge	Drive file/folder storage, cleanup, or file operations.
packages/backend/src/server/api/endpoints/drive/files/find-by-hash.ts	drive	packages/features/drive/backend/endpoints/drive/files/find-by-hash.ts	placed-with-bridge	Drive file/folder storage, cleanup, or file operations.
packages/backend/src/server/api/endpoints/drive/files/find.ts	drive	packages/features/drive/backend/endpoints/drive/files/find.ts	placed-with-bridge	Drive file/folder storage, cleanup, or file operations.
packages/backend/src/server/api/endpoints/drive/files/move-bulk.ts	drive	packages/features/drive/backend/endpoints/drive/files/move-bulk.ts	placed-with-bridge	Drive file/folder storage, cleanup, or file operations.
packages/backend/src/server/api/endpoints/drive/files/show.ts	drive	packages/features/drive/backend/endpoints/drive/files/show.ts	placed-with-bridge	Drive file/folder storage, cleanup, or file operations.
packages/backend/src/server/api/endpoints/drive/files/update.ts	drive	packages/features/drive/backend/endpoints/drive/files/update.ts	placed-with-bridge	Drive file/folder storage, cleanup, or file operations.
packages/backend/src/server/api/endpoints/drive/files/upload-from-url.ts	drive	packages/features/drive/backend/endpoints/drive/files/upload-from-url.ts	placed-with-bridge	Drive file/folder storage, cleanup, or file operations.
packages/backend/src/server/api/endpoints/drive/folders.ts	drive	packages/features/drive/backend/endpoints/drive/folders.ts	placed-with-bridge	Drive file/folder storage, cleanup, or file operations.
packages/backend/src/server/api/endpoints/drive/folders/create.ts	drive	packages/features/drive/backend/endpoints/drive/folders/create.ts	placed-with-bridge	Drive file/folder storage, cleanup, or file operations.
packages/backend/src/server/api/endpoints/drive/folders/delete.ts	drive	packages/features/drive/backend/endpoints/drive/folders/delete.ts	placed-with-bridge	Drive file/folder storage, cleanup, or file operations.
packages/backend/src/server/api/endpoints/drive/folders/find.ts	drive	packages/features/drive/backend/endpoints/drive/folders/find.ts	placed-with-bridge	Drive file/folder storage, cleanup, or file operations.
packages/backend/src/server/api/endpoints/drive/folders/show.ts	drive	packages/features/drive/backend/endpoints/drive/folders/show.ts	placed-with-bridge	Drive file/folder storage, cleanup, or file operations.
packages/backend/src/server/api/endpoints/drive/folders/update.ts	drive	packages/features/drive/backend/endpoints/drive/folders/update.ts	placed-with-bridge	Drive file/folder storage, cleanup, or file operations.
packages/backend/src/server/api/endpoints/drive/stream.ts	drive	packages/features/drive/backend/endpoints/drive/stream.ts	placed-with-bridge	Drive file/folder storage, cleanup, or file operations.
packages/backend/src/server/api/endpoints/email-address/available.ts	auth	packages/features/auth/backend/endpoints/email-address/available.ts	placed-with-bridge	Authentication, signup, credentials, sessions, OAuth/MiAuth, or app authorization.
packages/backend/src/server/api/endpoints/export-custom-emojis.ts	emojis	packages/features/emojis/backend/endpoints/export-custom-emojis.ts	placed-with-bridge	Emoji catalog and custom-emoji management/export.
packages/backend/src/server/api/endpoints/federation/followers.ts	federation	packages/features/federation/backend/endpoints/federation/followers.ts	placed-with-bridge	ActivityPub, remote instances/users, relays, or federation metadata.
packages/backend/src/server/api/endpoints/federation/following.ts	federation	packages/features/federation/backend/endpoints/federation/following.ts	placed-with-bridge	ActivityPub, remote instances/users, relays, or federation metadata.
packages/backend/src/server/api/endpoints/federation/instances.ts	federation	packages/features/federation/backend/endpoints/federation/instances.ts	placed-with-bridge	ActivityPub, remote instances/users, relays, or federation metadata.
packages/backend/src/server/api/endpoints/federation/show-instance.ts	federation	packages/features/federation/backend/endpoints/federation/show-instance.ts	placed-with-bridge	ActivityPub, remote instances/users, relays, or federation metadata.
packages/backend/src/server/api/endpoints/federation/stats.ts	federation	packages/features/federation/backend/endpoints/federation/stats.ts	placed-with-bridge	ActivityPub, remote instances/users, relays, or federation metadata.
packages/backend/src/server/api/endpoints/federation/update-remote-user.ts	federation	packages/features/federation/backend/endpoints/federation/update-remote-user.ts	placed-with-bridge	ActivityPub, remote instances/users, relays, or federation metadata.
packages/backend/src/server/api/endpoints/federation/users.ts	federation	packages/features/federation/backend/endpoints/federation/users.ts	placed-with-bridge	ActivityPub, remote instances/users, relays, or federation metadata.
packages/backend/src/server/api/endpoints/fetch-external-resources.ts	integrations	packages/features/integrations/backend/endpoints/fetch-external-resources.ts	placed-with-bridge	Fetches and hash-checks resources for the external extension installer, an integrations surface.
packages/backend/src/server/api/endpoints/fetch-rss.ts	integrations	packages/features/integrations/backend/endpoints/fetch-rss.ts	placed-without-bridge	Implementation placed with its existing integrations-owned native API contract; exports, metadata, constructor dependencies and handler behavior are unchanged.
packages/backend/src/server/api/endpoints/flash/create.ts	play	packages/features/play/backend/endpoints/flash/create.ts	placed-with-bridge	Flash/Play authoring, discovery, and likes.
packages/backend/src/server/api/endpoints/flash/delete.ts	play	packages/features/play/backend/endpoints/flash/delete.ts	placed-with-bridge	Flash/Play authoring, discovery, and likes.
packages/backend/src/server/api/endpoints/flash/featured.ts	play	packages/features/play/backend/endpoints/flash/featured.ts	placed-with-bridge	Flash/Play authoring, discovery, and likes.
packages/backend/src/server/api/endpoints/flash/like.ts	play	packages/features/play/backend/endpoints/flash/like.ts	placed-with-bridge	Flash/Play authoring, discovery, and likes.
packages/backend/src/server/api/endpoints/flash/my-likes.ts	play	packages/features/play/backend/endpoints/flash/my-likes.ts	placed-with-bridge	Flash/Play authoring, discovery, and likes.
packages/backend/src/server/api/endpoints/flash/my.ts	play	packages/features/play/backend/endpoints/flash/my.ts	placed-with-bridge	Flash/Play authoring, discovery, and likes.
packages/backend/src/server/api/endpoints/flash/search.ts	play	packages/features/play/backend/endpoints/flash/search.ts	placed-with-bridge	Flash/Play authoring, discovery, and likes.
packages/backend/src/server/api/endpoints/flash/show.ts	play	packages/features/play/backend/endpoints/flash/show.ts	placed-with-bridge	Flash/Play authoring, discovery, and likes.
packages/backend/src/server/api/endpoints/flash/unlike.ts	play	packages/features/play/backend/endpoints/flash/unlike.ts	placed-with-bridge	Flash/Play authoring, discovery, and likes.
packages/backend/src/server/api/endpoints/flash/update.ts	play	packages/features/play/backend/endpoints/flash/update.ts	placed-with-bridge	Flash/Play authoring, discovery, and likes.
packages/backend/src/server/api/endpoints/following/create.ts	relationships	packages/features/relationships/backend/endpoints/following/create.ts	placed-with-bridge	Follow/block/mute/list graph state or relationship queries.
packages/backend/src/server/api/endpoints/following/delete.ts	relationships	packages/features/relationships/backend/endpoints/following/delete.ts	placed-with-bridge	Follow/block/mute/list graph state or relationship queries.
packages/backend/src/server/api/endpoints/following/invalidate.ts	relationships	packages/features/relationships/backend/endpoints/following/invalidate.ts	placed-with-bridge	Follow/block/mute/list graph state or relationship queries.
packages/backend/src/server/api/endpoints/following/list.ts	relationships	packages/features/relationships/backend/endpoints/following/list.ts	placed-with-bridge	Follow/block/mute/list graph state or relationship queries.
packages/backend/src/server/api/endpoints/following/requests/accept.ts	relationships	packages/features/relationships/backend/endpoints/following/requests/accept.ts	placed-with-bridge	Follow/block/mute/list graph state or relationship queries.
packages/backend/src/server/api/endpoints/following/requests/cancel.ts	relationships	packages/features/relationships/backend/endpoints/following/requests/cancel.ts	placed-with-bridge	Follow/block/mute/list graph state or relationship queries.
packages/backend/src/server/api/endpoints/following/requests/list.ts	relationships	packages/features/relationships/backend/endpoints/following/requests/list.ts	placed-with-bridge	Follow/block/mute/list graph state or relationship queries.
packages/backend/src/server/api/endpoints/following/requests/reject.ts	relationships	packages/features/relationships/backend/endpoints/following/requests/reject.ts	placed-with-bridge	Follow/block/mute/list graph state or relationship queries.
packages/backend/src/server/api/endpoints/following/requests/sent.ts	relationships	packages/features/relationships/backend/endpoints/following/requests/sent.ts	placed-with-bridge	Follow/block/mute/list graph state or relationship queries.
packages/backend/src/server/api/endpoints/following/update-all.ts	relationships	packages/features/relationships/backend/endpoints/following/update-all.ts	placed-with-bridge	Follow/block/mute/list graph state or relationship queries.
packages/backend/src/server/api/endpoints/following/update.ts	relationships	packages/features/relationships/backend/endpoints/following/update.ts	placed-with-bridge	Follow/block/mute/list graph state or relationship queries.
packages/backend/src/server/api/endpoints/gallery/featured.ts	gallery	packages/features/gallery/backend/endpoints/gallery/featured.ts	placed-with-bridge	Gallery post and like operations.
packages/backend/src/server/api/endpoints/gallery/popular.ts	gallery	packages/features/gallery/backend/endpoints/gallery/popular.ts	placed-with-bridge	Gallery post and like operations.
packages/backend/src/server/api/endpoints/gallery/posts.ts	gallery	packages/features/gallery/backend/endpoints/gallery/posts.ts	placed-with-bridge	Gallery post and like operations.
packages/backend/src/server/api/endpoints/gallery/posts/create.ts	gallery	packages/features/gallery/backend/endpoints/gallery/posts/create.ts	placed-with-bridge	Gallery post and like operations.
packages/backend/src/server/api/endpoints/gallery/posts/delete.ts	gallery	packages/features/gallery/backend/endpoints/gallery/posts/delete.ts	placed-with-bridge	Gallery post and like operations.
packages/backend/src/server/api/endpoints/gallery/posts/like.ts	gallery	packages/features/gallery/backend/endpoints/gallery/posts/like.ts	placed-with-bridge	Gallery post and like operations.
packages/backend/src/server/api/endpoints/gallery/posts/show.ts	gallery	packages/features/gallery/backend/endpoints/gallery/posts/show.ts	placed-with-bridge	Gallery post and like operations.
packages/backend/src/server/api/endpoints/gallery/posts/unlike.ts	gallery	packages/features/gallery/backend/endpoints/gallery/posts/unlike.ts	placed-with-bridge	Gallery post and like operations.
packages/backend/src/server/api/endpoints/gallery/posts/update.ts	gallery	packages/features/gallery/backend/endpoints/gallery/posts/update.ts	placed-with-bridge	Gallery post and like operations.
packages/backend/src/server/api/endpoints/hashtags/list.ts	discovery	packages/features/discovery/backend/endpoints/hashtags/list.ts	placed-with-bridge	Search, hashtags, recommendations, or explore/discovery results.
packages/backend/src/server/api/endpoints/hashtags/search.ts	discovery	packages/features/discovery/backend/endpoints/hashtags/search.ts	placed-with-bridge	Search, hashtags, recommendations, or explore/discovery results.
packages/backend/src/server/api/endpoints/hashtags/show.ts	discovery	packages/features/discovery/backend/endpoints/hashtags/show.ts	placed-with-bridge	Search, hashtags, recommendations, or explore/discovery results.
packages/backend/src/server/api/endpoints/hashtags/trend.ts	discovery	packages/features/discovery/backend/endpoints/hashtags/trend.ts	placed-with-bridge	Search, hashtags, recommendations, or explore/discovery results.
packages/backend/src/server/api/endpoints/hashtags/users.ts	discovery	packages/features/discovery/backend/endpoints/hashtags/users.ts	placed-with-bridge	Search, hashtags, recommendations, or explore/discovery results.
packages/backend/src/server/api/endpoints/i.ts	users	packages/features/users/backend/endpoints/i.ts	placed-with-bridge	User account lifecycle, profile state, user lookup, or user-facing account data.
packages/backend/src/server/api/endpoints/i/2fa/done.ts	auth	packages/features/auth/backend/endpoints/i/2fa/done.ts	placed-with-bridge	Authentication, signup, credentials, sessions, OAuth/MiAuth, or app authorization.
packages/backend/src/server/api/endpoints/i/2fa/key-done.ts	auth	packages/features/auth/backend/endpoints/i/2fa/key-done.ts	placed-with-bridge	Authentication, signup, credentials, sessions, OAuth/MiAuth, or app authorization.
packages/backend/src/server/api/endpoints/i/2fa/password-less.ts	auth	packages/features/auth/backend/endpoints/i/2fa/password-less.ts	placed-with-bridge	Authentication, signup, credentials, sessions, OAuth/MiAuth, or app authorization.
packages/backend/src/server/api/endpoints/i/2fa/register-key.ts	auth	packages/features/auth/backend/endpoints/i/2fa/register-key.ts	placed-with-bridge	Authentication, signup, credentials, sessions, OAuth/MiAuth, or app authorization.
packages/backend/src/server/api/endpoints/i/2fa/register.ts	auth	packages/features/auth/backend/endpoints/i/2fa/register.ts	placed-with-bridge	Authentication, signup, credentials, sessions, OAuth/MiAuth, or app authorization.
packages/backend/src/server/api/endpoints/i/2fa/remove-key.ts	auth	packages/features/auth/backend/endpoints/i/2fa/remove-key.ts	placed-with-bridge	Authentication, signup, credentials, sessions, OAuth/MiAuth, or app authorization.
packages/backend/src/server/api/endpoints/i/2fa/unregister.ts	auth	packages/features/auth/backend/endpoints/i/2fa/unregister.ts	placed-with-bridge	Authentication, signup, credentials, sessions, OAuth/MiAuth, or app authorization.
packages/backend/src/server/api/endpoints/i/2fa/update-key.ts	auth	packages/features/auth/backend/endpoints/i/2fa/update-key.ts	placed-with-bridge	Authentication, signup, credentials, sessions, OAuth/MiAuth, or app authorization.
packages/backend/src/server/api/endpoints/i/apps.ts	auth	packages/features/auth/backend/endpoints/i/apps.ts	placed-with-bridge	Authentication, signup, credentials, sessions, OAuth/MiAuth, or app authorization.
packages/backend/src/server/api/endpoints/i/authorized-apps.ts	auth	packages/features/auth/backend/endpoints/i/authorized-apps.ts	placed-with-bridge	Authentication, signup, credentials, sessions, OAuth/MiAuth, or app authorization.
packages/backend/src/server/api/endpoints/i/change-password.ts	auth	packages/features/auth/backend/endpoints/i/change-password.ts	placed-with-bridge	Authentication, signup, credentials, sessions, OAuth/MiAuth, or app authorization.
packages/backend/src/server/api/endpoints/i/claim-achievement.ts	users	packages/features/users/backend/endpoints/i/claim-achievement.ts	placed-with-bridge	User account lifecycle, profile state, user lookup, or user-facing account data.
packages/backend/src/server/api/endpoints/i/delete-account.ts	users	packages/features/users/backend/endpoints/i/delete-account.ts	placed-with-bridge	User account lifecycle, profile state, user lookup, or user-facing account data.
packages/backend/src/server/api/endpoints/i/favorites.ts	collections	packages/features/collections/backend/endpoints/i/favorites.ts	placed-with-bridge	Clips, favorites, and saved-note collection surfaces.
packages/backend/src/server/api/endpoints/i/gallery/likes.ts	gallery	packages/features/gallery/backend/endpoints/i/gallery/likes.ts	placed-with-bridge	Gallery post and like operations.
packages/backend/src/server/api/endpoints/i/gallery/posts.ts	gallery	packages/features/gallery/backend/endpoints/i/gallery/posts.ts	placed-with-bridge	Gallery post and like operations.
packages/backend/src/server/api/endpoints/i/import-antennas.ts	portability	packages/features/portability/backend/endpoints/i/import-antennas.ts	placed-with-bridge	User data import/export orchestration.
packages/backend/src/server/api/endpoints/i/import-blocking.ts	portability	packages/features/portability/backend/endpoints/i/import-blocking.ts	placed-with-bridge	User data import/export orchestration.
packages/backend/src/server/api/endpoints/i/import-following.ts	portability	packages/features/portability/backend/endpoints/i/import-following.ts	placed-with-bridge	User data import/export orchestration.
packages/backend/src/server/api/endpoints/i/import-muting.ts	portability	packages/features/portability/backend/endpoints/i/import-muting.ts	placed-with-bridge	User data import/export orchestration.
packages/backend/src/server/api/endpoints/i/import-user-lists.ts	portability	packages/features/portability/backend/endpoints/i/import-user-lists.ts	placed-with-bridge	User data import/export orchestration.
packages/backend/src/server/api/endpoints/i/move.ts	users	packages/features/users/backend/endpoints/i/move.ts	placed-with-bridge	User account lifecycle, profile state, user lookup, or user-facing account data.
packages/backend/src/server/api/endpoints/i/notifications-grouped.ts	notifications	packages/features/notifications/backend/endpoints/i/notifications-grouped.ts	placed-with-bridge	Notification delivery/state and web-push/service-worker subscription APIs.
packages/backend/src/server/api/endpoints/i/notifications.ts	notifications	packages/features/notifications/backend/endpoints/i/notifications.ts	placed-with-bridge	Notification delivery/state and web-push/service-worker subscription APIs.
packages/backend/src/server/api/endpoints/i/page-likes.ts	pages	packages/features/pages/backend/endpoints/i/page-likes.ts	placed-with-bridge	Authored pages, likes, and page event delivery.
packages/backend/src/server/api/endpoints/i/pages.ts	pages	packages/features/pages/backend/endpoints/i/pages.ts	placed-with-bridge	Authored pages, likes, and page event delivery.
packages/backend/src/server/api/endpoints/i/pin.ts	notes	packages/features/notes/backend/endpoints/i/pin.ts	placed-with-bridge	Pins a note to the user’s profile; note pinning is explicitly owned by notes.
packages/backend/src/server/api/endpoints/i/regenerate-token.ts	auth	packages/features/auth/backend/endpoints/i/regenerate-token.ts	placed-with-bridge	Authentication, signup, credentials, sessions, OAuth/MiAuth, or app authorization.
packages/backend/src/server/api/endpoints/i/registry/get-all.ts	preferences	packages/features/preferences/backend/endpoints/i/registry/get-all.ts	placed-with-bridge	Client registry and scoped preference state.
packages/backend/src/server/api/endpoints/i/registry/get-detail.ts	preferences	packages/features/preferences/backend/endpoints/i/registry/get-detail.ts	placed-with-bridge	Client registry and scoped preference state.
packages/backend/src/server/api/endpoints/i/registry/get.ts	preferences	packages/features/preferences/backend/endpoints/i/registry/get.ts	placed-with-bridge	Client registry and scoped preference state.
packages/backend/src/server/api/endpoints/i/registry/keys-with-type.ts	preferences	packages/features/preferences/backend/endpoints/i/registry/keys-with-type.ts	placed-with-bridge	Client registry and scoped preference state.
packages/backend/src/server/api/endpoints/i/registry/keys.ts	preferences	packages/features/preferences/backend/endpoints/i/registry/keys.ts	placed-with-bridge	Client registry and scoped preference state.
packages/backend/src/server/api/endpoints/i/registry/remove.ts	preferences	packages/features/preferences/backend/endpoints/i/registry/remove.ts	placed-with-bridge	Client registry and scoped preference state.
packages/backend/src/server/api/endpoints/i/registry/scopes-with-domain.ts	preferences	packages/features/preferences/backend/endpoints/i/registry/scopes-with-domain.ts	placed-with-bridge	Client registry and scoped preference state.
packages/backend/src/server/api/endpoints/i/registry/set.ts	preferences	packages/features/preferences/backend/endpoints/i/registry/set.ts	placed-with-bridge	Client registry and scoped preference state.
packages/backend/src/server/api/endpoints/i/revoke-token.ts	auth	packages/features/auth/backend/endpoints/i/revoke-token.ts	placed-with-bridge	Authentication, signup, credentials, sessions, OAuth/MiAuth, or app authorization.
packages/backend/src/server/api/endpoints/i/signin-history.ts	auth	packages/features/auth/backend/endpoints/i/signin-history.ts	placed-with-bridge	Authentication, signup, credentials, sessions, OAuth/MiAuth, or app authorization.
packages/backend/src/server/api/endpoints/i/unpin.ts	notes	packages/features/notes/backend/endpoints/i/unpin.ts	placed-with-bridge	Unpins a note from the user’s profile; note pinning is explicitly owned by notes.
packages/backend/src/server/api/endpoints/i/update-email.ts	auth	packages/features/auth/backend/endpoints/i/update-email.ts	placed-with-bridge	Authentication, signup, credentials, sessions, OAuth/MiAuth, or app authorization.
packages/backend/src/server/api/endpoints/i/update.ts	users	packages/features/users/backend/endpoints/i/update.ts	placed-with-bridge	User account lifecycle, profile state, user lookup, or user-facing account data.
packages/backend/src/server/api/endpoints/i/webhooks/create.ts	integrations	packages/features/integrations/backend/endpoints/i/webhooks/create.ts	placed-with-bridge	Webhooks or external extension/resource integration workflows.
packages/backend/src/server/api/endpoints/i/webhooks/list.ts	integrations	packages/features/integrations/backend/endpoints/i/webhooks/list.ts	placed-with-bridge	Webhooks or external extension/resource integration workflows.
packages/backend/src/server/api/endpoints/i/webhooks/show.ts	integrations	packages/features/integrations/backend/endpoints/i/webhooks/show.ts	placed-with-bridge	Webhooks or external extension/resource integration workflows.
packages/backend/src/server/api/endpoints/i/webhooks/test.ts	integrations	packages/features/integrations/backend/endpoints/i/webhooks/test.ts	placed-with-bridge	Webhooks or external extension/resource integration workflows.
packages/backend/src/server/api/endpoints/invite/create.ts	auth	packages/features/auth/backend/endpoints/invite/create.ts	placed-with-bridge	Authentication, signup, credentials, sessions, OAuth/MiAuth, or app authorization.
packages/backend/src/server/api/endpoints/invite/delete.ts	auth	packages/features/auth/backend/endpoints/invite/delete.ts	placed-with-bridge	Authentication, signup, credentials, sessions, OAuth/MiAuth, or app authorization.
packages/backend/src/server/api/endpoints/invite/limit.ts	auth	packages/features/auth/backend/endpoints/invite/limit.ts	placed-with-bridge	Authentication, signup, credentials, sessions, OAuth/MiAuth, or app authorization.
packages/backend/src/server/api/endpoints/invite/list.ts	auth	packages/features/auth/backend/endpoints/invite/list.ts	placed-with-bridge	Authentication, signup, credentials, sessions, OAuth/MiAuth, or app authorization.
packages/backend/src/server/api/endpoints/meta.ts	instance	packages/features/instance/backend/endpoints/meta.ts	placed-with-bridge	Instance metadata, settings, or server-wide advertisement/pinned-account configuration.
packages/backend/src/server/api/endpoints/miauth/gen-token.ts	auth	packages/features/auth/backend/endpoints/miauth/gen-token.ts	placed-with-bridge	Authentication, signup, credentials, sessions, OAuth/MiAuth, or app authorization.
packages/backend/src/server/api/endpoints/mute/create.ts	relationships	packages/features/relationships/backend/endpoints/mute/create.ts	placed-with-bridge	Follow/block/mute/list graph state or relationship queries.
packages/backend/src/server/api/endpoints/mute/delete.ts	relationships	packages/features/relationships/backend/endpoints/mute/delete.ts	placed-with-bridge	Follow/block/mute/list graph state or relationship queries.
packages/backend/src/server/api/endpoints/mute/list.ts	relationships	packages/features/relationships/backend/endpoints/mute/list.ts	placed-with-bridge	Follow/block/mute/list graph state or relationship queries.
packages/backend/src/server/api/endpoints/my/apps.ts	auth	packages/features/auth/backend/endpoints/my/apps.ts	placed-with-bridge	Authentication, signup, credentials, sessions, OAuth/MiAuth, or app authorization.
packages/backend/src/server/api/endpoints/notes.ts	notes	packages/features/notes/backend/endpoints/notes.ts	placed-with-bridge	Note lifecycle, note queries/interactions, pinning, or note-scoped mute state.
packages/backend/src/server/api/endpoints/notes/children.ts	notes	packages/features/notes/backend/endpoints/notes/children.ts	placed-with-bridge	Note lifecycle, note queries/interactions, pinning, or note-scoped mute state.
packages/backend/src/server/api/endpoints/notes/clips.ts	collections	packages/features/collections/backend/endpoints/notes/clips.ts	placed-with-bridge	Returns public clips containing a note; the collection surface owns clips.
packages/backend/src/server/api/endpoints/notes/conversation.ts	notes	packages/features/notes/backend/endpoints/notes/conversation.ts	placed-with-bridge	Note lifecycle, note queries/interactions, pinning, or note-scoped mute state.
packages/backend/src/server/api/endpoints/notes/create.ts	notes	packages/features/notes/backend/endpoints/notes/create.ts	placed-with-bridge	Note lifecycle, note queries/interactions, pinning, or note-scoped mute state.
packages/backend/src/server/api/endpoints/notes/delete.ts	notes	packages/features/notes/backend/endpoints/notes/delete.ts	placed-with-bridge	Note lifecycle, note queries/interactions, pinning, or note-scoped mute state.
packages/backend/src/server/api/endpoints/notes/drafts/count.ts	notes	packages/features/notes/backend/endpoints/notes/drafts/count.ts	placed-with-bridge	Note lifecycle, note queries/interactions, pinning, or note-scoped mute state.
packages/backend/src/server/api/endpoints/notes/drafts/create.ts	notes	packages/features/notes/backend/endpoints/notes/drafts/create.ts	placed-with-bridge	Note lifecycle, note queries/interactions, pinning, or note-scoped mute state.
packages/backend/src/server/api/endpoints/notes/drafts/delete.ts	notes	packages/features/notes/backend/endpoints/notes/drafts/delete.ts	placed-with-bridge	Note lifecycle, note queries/interactions, pinning, or note-scoped mute state.
packages/backend/src/server/api/endpoints/notes/drafts/list.ts	notes	packages/features/notes/backend/endpoints/notes/drafts/list.ts	placed-with-bridge	Note lifecycle, note queries/interactions, pinning, or note-scoped mute state.
packages/backend/src/server/api/endpoints/notes/drafts/update.ts	notes	packages/features/notes/backend/endpoints/notes/drafts/update.ts	placed-with-bridge	Note lifecycle, note queries/interactions, pinning, or note-scoped mute state.
packages/backend/src/server/api/endpoints/notes/favorites/create.ts	collections	packages/features/collections/backend/endpoints/notes/favorites/create.ts	placed-with-bridge	Clips, favorites, and saved-note collection surfaces.
packages/backend/src/server/api/endpoints/notes/favorites/delete.ts	collections	packages/features/collections/backend/endpoints/notes/favorites/delete.ts	placed-with-bridge	Clips, favorites, and saved-note collection surfaces.
packages/backend/src/server/api/endpoints/notes/featured.ts	discovery	packages/features/discovery/backend/endpoints/notes/featured.ts	placed-with-bridge	Uses FeaturedService rankings and serves discovery/featured-note surfaces.
packages/backend/src/server/api/endpoints/notes/global-timeline.ts	timelines	packages/features/timelines/backend/endpoints/notes/global-timeline.ts	placed-with-bridge	Antenna/timeline query and management surface.
packages/backend/src/server/api/endpoints/notes/hybrid-timeline.ts	timelines	packages/features/timelines/backend/endpoints/notes/hybrid-timeline.ts	placed-with-bridge	Antenna/timeline query and management surface.
packages/backend/src/server/api/endpoints/notes/local-timeline.ts	timelines	packages/features/timelines/backend/endpoints/notes/local-timeline.ts	placed-with-bridge	Antenna/timeline query and management surface.
packages/backend/src/server/api/endpoints/notes/mentions.ts	timelines	packages/features/timelines/backend/endpoints/notes/mentions.ts	placed-without-bridge	Implementation placed with its existing timelines-owned native API contract; exports, metadata, constructor dependencies and handler behavior are unchanged.
packages/backend/src/server/api/endpoints/notes/polls/recommendation.ts	notes	packages/features/notes/backend/endpoints/notes/polls/recommendation.ts	placed-with-bridge	Note lifecycle, note queries/interactions, pinning, or note-scoped mute state.
packages/backend/src/server/api/endpoints/notes/polls/vote.ts	notes	packages/features/notes/backend/endpoints/notes/polls/vote.ts	placed-with-bridge	Note lifecycle, note queries/interactions, pinning, or note-scoped mute state.
packages/backend/src/server/api/endpoints/notes/reactions.ts	notes	packages/features/notes/backend/endpoints/notes/reactions.ts	placed-with-bridge	Note lifecycle, note queries/interactions, pinning, or note-scoped mute state.
packages/backend/src/server/api/endpoints/notes/reactions/create.ts	notes	packages/features/notes/backend/endpoints/notes/reactions/create.ts	placed-with-bridge	Note lifecycle, note queries/interactions, pinning, or note-scoped mute state.
packages/backend/src/server/api/endpoints/notes/reactions/delete.ts	notes	packages/features/notes/backend/endpoints/notes/reactions/delete.ts	placed-with-bridge	Note lifecycle, note queries/interactions, pinning, or note-scoped mute state.
packages/backend/src/server/api/endpoints/notes/renotes.ts	notes	packages/features/notes/backend/endpoints/notes/renotes.ts	placed-with-bridge	Note lifecycle, note queries/interactions, pinning, or note-scoped mute state.
packages/backend/src/server/api/endpoints/notes/replies.ts	notes	packages/features/notes/backend/endpoints/notes/replies.ts	placed-with-bridge	Note lifecycle, note queries/interactions, pinning, or note-scoped mute state.
packages/backend/src/server/api/endpoints/notes/search-by-tag.ts	discovery	packages/features/discovery/backend/endpoints/notes/search-by-tag.ts	placed-with-bridge	Searches notes by hashtag; search and hashtag surfaces belong to discovery.
packages/backend/src/server/api/endpoints/notes/search.ts	discovery	packages/features/discovery/backend/endpoints/notes/search.ts	placed-with-bridge	Searches notes; search belongs to discovery.
packages/backend/src/server/api/endpoints/notes/show-partial-bulk.ts	notes	packages/features/notes/backend/endpoints/notes/show-partial-bulk.ts	placed-with-bridge	Note lifecycle, note queries/interactions, pinning, or note-scoped mute state.
packages/backend/src/server/api/endpoints/notes/show.ts	notes	packages/features/notes/backend/endpoints/notes/show.ts	placed-with-bridge	Note lifecycle, note queries/interactions, pinning, or note-scoped mute state.
packages/backend/src/server/api/endpoints/notes/state.ts	notes	packages/features/notes/backend/endpoints/notes/state.ts	placed-with-bridge	Note lifecycle, note queries/interactions, pinning, or note-scoped mute state.
packages/backend/src/server/api/endpoints/notes/thread-muting/create.ts	notes	packages/features/notes/backend/endpoints/notes/thread-muting/create.ts	placed-with-bridge	Note lifecycle, note queries/interactions, pinning, or note-scoped mute state.
packages/backend/src/server/api/endpoints/notes/thread-muting/delete.ts	notes	packages/features/notes/backend/endpoints/notes/thread-muting/delete.ts	placed-with-bridge	Note lifecycle, note queries/interactions, pinning, or note-scoped mute state.
packages/backend/src/server/api/endpoints/notes/timeline.ts	timelines	packages/features/timelines/backend/endpoints/notes/timeline.ts	placed-with-bridge	Antenna/timeline query and management surface.
packages/backend/src/server/api/endpoints/notes/translate.ts	notes	packages/features/notes/backend/endpoints/notes/translate.ts	placed-with-bridge	Note lifecycle, note queries/interactions, pinning, or note-scoped mute state.
packages/backend/src/server/api/endpoints/notes/unrenote.ts	notes	packages/features/notes/backend/endpoints/notes/unrenote.ts	placed-with-bridge	Note lifecycle, note queries/interactions, pinning, or note-scoped mute state.
packages/backend/src/server/api/endpoints/notes/user-list-timeline.ts	timelines	packages/features/timelines/backend/endpoints/notes/user-list-timeline.ts	placed-with-bridge	Antenna/timeline query and management surface.
packages/backend/src/server/api/endpoints/page-push.ts	pages	packages/features/pages/backend/endpoints/page-push.ts	placed-with-bridge	Publishes page-specific pageEvent messages to the page owner; behavior belongs with pages.
packages/backend/src/server/api/endpoints/pages/create.ts	pages	packages/features/pages/backend/endpoints/pages/create.ts	placed-with-bridge	Authored pages, likes, and page event delivery.
packages/backend/src/server/api/endpoints/pages/delete.ts	pages	packages/features/pages/backend/endpoints/pages/delete.ts	placed-with-bridge	Authored pages, likes, and page event delivery.
packages/backend/src/server/api/endpoints/pages/featured.ts	pages	packages/features/pages/backend/endpoints/pages/featured.ts	placed-with-bridge	Authored pages, likes, and page event delivery.
packages/backend/src/server/api/endpoints/pages/like.ts	pages	packages/features/pages/backend/endpoints/pages/like.ts	placed-with-bridge	Authored pages, likes, and page event delivery.
packages/backend/src/server/api/endpoints/pages/show.ts	pages	packages/features/pages/backend/endpoints/pages/show.ts	placed-with-bridge	Authored pages, likes, and page event delivery.
packages/backend/src/server/api/endpoints/pages/unlike.ts	pages	packages/features/pages/backend/endpoints/pages/unlike.ts	placed-with-bridge	Authored pages, likes, and page event delivery.
packages/backend/src/server/api/endpoints/pages/update.ts	pages	packages/features/pages/backend/endpoints/pages/update.ts	placed-with-bridge	Authored pages, likes, and page event delivery.
packages/backend/src/server/api/endpoints/pinned-users.ts	instance	packages/features/instance/backend/endpoints/pinned-users.ts	placed-with-bridge	Returns the accounts configured in instance-wide pinnedUsers settings.
packages/backend/src/server/api/endpoints/promo/read.ts	notes	packages/features/notes/backend/endpoints/promo/read.ts	placed-with-bridge	Records a user’s read of a promoted note; promo state follows notes.
packages/backend/src/server/api/endpoints/renote-mute/create.ts	relationships	packages/features/relationships/backend/endpoints/renote-mute/create.ts	placed-with-bridge	Follow/block/mute/list graph state or relationship queries.
packages/backend/src/server/api/endpoints/renote-mute/delete.ts	relationships	packages/features/relationships/backend/endpoints/renote-mute/delete.ts	placed-with-bridge	Follow/block/mute/list graph state or relationship queries.
packages/backend/src/server/api/endpoints/renote-mute/list.ts	relationships	packages/features/relationships/backend/endpoints/renote-mute/list.ts	placed-with-bridge	Follow/block/mute/list graph state or relationship queries.
packages/backend/src/server/api/endpoints/request-reset-password.ts	auth	packages/features/auth/backend/endpoints/request-reset-password.ts	placed-with-bridge	Authentication, signup, credentials, sessions, OAuth/MiAuth, or app authorization.
packages/backend/src/server/api/endpoints/reset-db.ts	operations	packages/features/operations/backend/endpoints/reset-db.ts	placed-with-bridge	Test-only database reset/Redis flush endpoint; database maintenance belongs to operations.
packages/backend/src/server/api/endpoints/reset-password.ts	auth	packages/features/auth/backend/endpoints/reset-password.ts	placed-with-bridge	Authentication, signup, credentials, sessions, OAuth/MiAuth, or app authorization.
packages/backend/src/server/api/endpoints/retention.ts	statistics	packages/features/statistics/backend/endpoints/retention.ts	placed-with-bridge	Serves retention aggregation series used by statistics charts.
packages/backend/src/server/api/endpoints/reversi/cancel-match.ts	games	packages/features/games/backend/endpoints/reversi/cancel-match.ts	placed-with-bridge	Reversi and bubble-game APIs.
packages/backend/src/server/api/endpoints/reversi/games.ts	games	packages/features/games/backend/endpoints/reversi/games.ts	placed-with-bridge	Reversi and bubble-game APIs.
packages/backend/src/server/api/endpoints/reversi/invitations.ts	games	packages/features/games/backend/endpoints/reversi/invitations.ts	placed-with-bridge	Reversi and bubble-game APIs.
packages/backend/src/server/api/endpoints/reversi/match.ts	games	packages/features/games/backend/endpoints/reversi/match.ts	placed-with-bridge	Reversi and bubble-game APIs.
packages/backend/src/server/api/endpoints/reversi/show-game.ts	games	packages/features/games/backend/endpoints/reversi/show-game.ts	placed-with-bridge	Reversi and bubble-game APIs.
packages/backend/src/server/api/endpoints/reversi/surrender.ts	games	packages/features/games/backend/endpoints/reversi/surrender.ts	placed-with-bridge	Reversi and bubble-game APIs.
packages/backend/src/server/api/endpoints/reversi/verify.ts	games	packages/features/games/backend/endpoints/reversi/verify.ts	placed-with-bridge	Reversi and bubble-game APIs.
packages/backend/src/server/api/endpoints/roles/list.ts	roles	packages/features/roles/backend/endpoints/roles/list.ts	placed-with-bridge	Role CRUD, capability policy, and assignment APIs.
packages/backend/src/server/api/endpoints/roles/notes.ts	roles	packages/features/roles/backend/endpoints/roles/notes.ts	placed-with-bridge	Role CRUD, capability policy, and assignment APIs.
packages/backend/src/server/api/endpoints/roles/show.ts	roles	packages/features/roles/backend/endpoints/roles/show.ts	placed-with-bridge	Role CRUD, capability policy, and assignment APIs.
packages/backend/src/server/api/endpoints/roles/users.ts	roles	packages/features/roles/backend/endpoints/roles/users.ts	placed-with-bridge	Role CRUD, capability policy, and assignment APIs.
packages/backend/src/server/api/endpoints/sw/register.ts	notifications	packages/features/notifications/backend/endpoints/sw/register.ts	placed-with-bridge	Notification delivery/state and web-push/service-worker subscription APIs.
packages/backend/src/server/api/endpoints/sw/show-registration.ts	notifications	packages/features/notifications/backend/endpoints/sw/show-registration.ts	placed-with-bridge	Notification delivery/state and web-push/service-worker subscription APIs.
packages/backend/src/server/api/endpoints/sw/unregister.ts	notifications	packages/features/notifications/backend/endpoints/sw/unregister.ts	placed-with-bridge	Notification delivery/state and web-push/service-worker subscription APIs.
packages/backend/src/server/api/endpoints/sw/update-registration.ts	notifications	packages/features/notifications/backend/endpoints/sw/update-registration.ts	placed-with-bridge	Notification delivery/state and web-push/service-worker subscription APIs.
packages/backend/src/server/api/endpoints/test.ts	api	packages/features/api/backend/endpoints/test.ts	placed-with-bridge	Validation fixture endpoint for the API boundary, not a business feature.
packages/backend/src/server/api/endpoints/username/available.ts	auth	packages/features/auth/backend/endpoints/username/available.ts	placed-with-bridge	Authentication, signup, credentials, sessions, OAuth/MiAuth, or app authorization.
packages/backend/src/server/api/endpoints/users.ts	users	packages/features/users/backend/endpoints/users.ts	placed-with-bridge	User account lifecycle, profile state, user lookup, or user-facing account data.
packages/backend/src/server/api/endpoints/users/achievements.ts	users	packages/features/users/backend/endpoints/users/achievements.ts	placed-with-bridge	User account lifecycle, profile state, user lookup, or user-facing account data.
packages/backend/src/server/api/endpoints/users/clips.ts	collections	packages/features/collections/backend/endpoints/users/clips.ts	placed-with-bridge	Clips, favorites, and saved-note collection surfaces.
packages/backend/src/server/api/endpoints/users/featured-notes.ts	discovery	packages/features/discovery/backend/endpoints/users/featured-notes.ts	placed-with-bridge	Uses FeaturedService for per-user featured-note rankings; featured discovery belongs to discovery.
packages/backend/src/server/api/endpoints/users/flashs.ts	play	packages/features/play/backend/endpoints/users/flashs.ts	placed-with-bridge	Flash/Play authoring, discovery, and likes.
packages/backend/src/server/api/endpoints/users/followers.ts	relationships	packages/features/relationships/backend/endpoints/users/followers.ts	placed-with-bridge	Follow/block/mute/list graph state or relationship queries.
packages/backend/src/server/api/endpoints/users/following.ts	relationships	packages/features/relationships/backend/endpoints/users/following.ts	placed-with-bridge	Follow/block/mute/list graph state or relationship queries.
packages/backend/src/server/api/endpoints/users/gallery/posts.ts	gallery	packages/features/gallery/backend/endpoints/users/gallery/posts.ts	placed-with-bridge	Gallery post and like operations.
packages/backend/src/server/api/endpoints/users/get-following-users-by-birthday.ts	relationships	packages/features/relationships/backend/endpoints/users/get-following-users-by-birthday.ts	placed-with-bridge	Queries birthdays from the authenticated user’s following graph.
packages/backend/src/server/api/endpoints/users/get-frequently-replied-users.ts	discovery	packages/features/discovery/backend/endpoints/users/get-frequently-replied-users.ts	placed-with-bridge	Search, hashtags, recommendations, or explore/discovery results.
packages/backend/src/server/api/endpoints/users/lists/create-from-public.ts	relationships	packages/features/relationships/backend/endpoints/users/lists/create-from-public.ts	placed-with-bridge	Follow/block/mute/list graph state or relationship queries.
packages/backend/src/server/api/endpoints/users/lists/create.ts	relationships	packages/features/relationships/backend/endpoints/users/lists/create.ts	placed-with-bridge	Follow/block/mute/list graph state or relationship queries.
packages/backend/src/server/api/endpoints/users/lists/get-memberships.ts	relationships	packages/features/relationships/backend/endpoints/users/lists/get-memberships.ts	placed-with-bridge	Follow/block/mute/list graph state or relationship queries.
packages/backend/src/server/api/endpoints/users/lists/list.ts	relationships	packages/features/relationships/backend/endpoints/users/lists/list.ts	placed-with-bridge	Follow/block/mute/list graph state or relationship queries.
packages/backend/src/server/api/endpoints/users/lists/show.ts	relationships	packages/features/relationships/backend/endpoints/users/lists/show.ts	placed-with-bridge	Follow/block/mute/list graph state or relationship queries.
packages/backend/src/server/api/endpoints/users/lists/update.ts	relationships	packages/features/relationships/backend/endpoints/users/lists/update.ts	placed-with-bridge	Follow/block/mute/list graph state or relationship queries.
packages/backend/src/server/api/endpoints/users/notes.ts	timelines	packages/features/timelines/backend/endpoints/users/notes.ts	placed-without-bridge	Implementation placed with its existing timelines-owned native API contract; exports, metadata, constructor dependencies and handler behavior are unchanged.
packages/backend/src/server/api/endpoints/users/pages.ts	pages	packages/features/pages/backend/endpoints/users/pages.ts	placed-with-bridge	Authored pages, likes, and page event delivery.
packages/backend/src/server/api/endpoints/users/reactions.ts	notes	packages/features/notes/backend/endpoints/users/reactions.ts	placed-with-bridge	Note lifecycle, note queries/interactions, pinning, or note-scoped mute state.
packages/backend/src/server/api/endpoints/users/recommendation.ts	discovery	packages/features/discovery/backend/endpoints/users/recommendation.ts	placed-with-bridge	Returns suggested users to follow; this is a discovery/recommendation API.
packages/backend/src/server/api/endpoints/users/relation.ts	relationships	packages/features/relationships/backend/endpoints/users/relation.ts	placed-with-bridge	Follow/block/mute/list graph state or relationship queries.
packages/backend/src/server/api/endpoints/users/report-abuse.ts	moderation	packages/features/moderation/backend/endpoints/users/report-abuse.ts	placed-with-bridge	User-submitted abuse reports belong to moderation intake.
packages/backend/src/server/api/endpoints/users/search-by-username-and-host.ts	discovery	packages/features/discovery/backend/endpoints/users/search-by-username-and-host.ts	placed-with-bridge	Search, hashtags, recommendations, or explore/discovery results.
packages/backend/src/server/api/endpoints/users/search.ts	discovery	packages/features/discovery/backend/endpoints/users/search.ts	placed-with-bridge	Search, hashtags, recommendations, or explore/discovery results.
packages/backend/src/server/api/endpoints/users/show.ts	users	packages/features/users/backend/endpoints/users/show.ts	placed-with-bridge	User account lifecycle, profile state, user lookup, or user-facing account data.
packages/backend/src/server/api/endpoints/users/update-memo.ts	users	packages/features/users/backend/endpoints/users/update-memo.ts	placed-with-bridge	Stores a user’s personal memo about another user, an account preference rather than a moderator note.
packages/backend/src/server/api/endpoints/v2/admin/emoji/list.ts	emojis	packages/features/emojis/backend/endpoints/v2/admin/emoji/list.ts	placed-with-bridge	Emoji catalog and custom-emoji management/export.
packages/backend/src/server/api/endpoints/verify-email.ts	auth	packages/features/auth/backend/endpoints/verify-email.ts	placed-with-bridge	Authentication, signup, credentials, sessions, OAuth/MiAuth, or app authorization.
