source_path	kind	entity_class	typeorm_table	proposed_domain	proposed_target_path	decision_status	semantics_and_hazards
packages/backend/src/models/AbuseReportNotificationRecipient.ts	typeorm-entity	MiAbuseReportNotificationRecipient	abuse_report_notification_recipient	moderation	packages/features/moderation/backend/models/AbuseReportNotificationRecipient.ts	placed-with-bridge	Two userId FKs (User and UserProfile) plus SystemWebhook; preserve joins/cascades.
packages/backend/src/models/AbuseUserReport.ts	typeorm-entity	MiAbuseUserReport	abuse_user_report	moderation	packages/features/moderation/backend/models/AbuseUserReport.ts	placed-with-bridge	Target/reporter/assignee User relations; preserve denormalized host fields; AbuseReportResolveType stays moderation-local.
packages/backend/src/models/AccessToken.ts	typeorm-entity	MiAccessToken	access_token	auth	packages/features/auth/backend/models/AccessToken.ts	placed-with-bridge	User/App relations; nullable App and cascades; token/hash fields are credentials.
packages/backend/src/models/Ad.ts	typeorm-entity	MiAd	ad	instance	packages/features/instance/backend/models/Ad.ts	placed-with-bridge	Instance advertisement; startsAt now() default; no relations.
packages/backend/src/models/Announcement.ts	typeorm-entity	MiAnnouncement	announcement	announcements	packages/features/announcements/backend/models/Announcement.ts	placed-with-bridge	Optional User relation SET NULL; preserve icon/display literal unions and defaults.
packages/backend/src/models/AnnouncementRead.ts	typeorm-entity	MiAnnouncementRead	announcement_read	announcements	packages/features/announcements/backend/models/AnnouncementRead.ts	placed-with-bridge	User + Announcement cascading FKs; unique composite (userId, announcementId).
packages/backend/src/models/Antenna.ts	typeorm-entity	MiAntenna	antenna	timelines	packages/features/timelines/backend/models/Antenna.ts	placed-with-bridge	User + UserList relations; preserve source union, JSON keyword/users, export/import column expectations.
packages/backend/src/models/App.ts	typeorm-entity	MiApp	app	auth	packages/features/auth/backend/models/App.ts	placed-with-bridge	Optional User owner SET NULL; preserve secret handling and OAuth/client fields.
packages/backend/src/models/AuthSession.ts	typeorm-entity	MiAuthSession	auth_session	auth	packages/features/auth/backend/models/AuthSession.ts	placed-with-bridge	User and App relations; both cascade on delete.
packages/backend/src/models/AvatarDecoration.ts	typeorm-entity	MiAvatarDecoration	avatar_decoration	avatar-decorations	packages/features/avatar-decorations/backend/models/AvatarDecoration.ts	placed-with-bridge	Allowed-role IDs are denormalized array, no Role FK; preserve production GIN index metadata.
packages/backend/src/models/Blocking.ts	typeorm-entity	MiBlocking	blocking	relationships	packages/features/relationships/backend/models/Blocking.ts	placed-with-bridge	Directional User pair, unique blockerId/blockeeId; preserve FK directions.
packages/backend/src/models/BubbleGameRecord.ts	typeorm-entity	MiBubbleGameRecord	bubble_game_record	games	packages/features/games/backend/models/BubbleGameRecord.ts	placed-with-bridge	User FK cascades; logs JSONB and game mode/version fields.
packages/backend/src/models/Channel.ts	typeorm-entity	MiChannel	channel	channels	packages/features/channels/backend/models/Channel.ts	placed-with-bridge	User owner + DriveFile banner; pinnedNoteIds raw IDs; counts denormalized.
packages/backend/src/models/ChannelFavorite.ts	typeorm-entity	MiChannelFavorite	channel_favorite	channels	packages/features/channels/backend/models/ChannelFavorite.ts	placed-with-bridge	Channel and User FKs; unique (userId, channelId); root confirmed owner channels.
packages/backend/src/models/ChannelFollowing.ts	typeorm-entity	MiChannelFollowing	channel_following	channels	packages/features/channels/backend/models/ChannelFollowing.ts	placed-with-bridge	Channel and User FKs, unique followerId/followeeId; preserve ID meanings.
packages/backend/src/models/ChannelMuting.ts	typeorm-entity	MiChannelMuting	channel_muting	channels	packages/features/channels/backend/models/ChannelMuting.ts	placed-with-bridge	Channel and User FKs; class-level (userId, channelId) index is deliberately non-unique.
packages/backend/src/models/ChatApproval.ts	typeorm-entity	MiChatApproval	chat_approval	chat	packages/features/chat/backend/models/ChatApproval.ts	placed-with-bridge	Two directional User FKs; unique (userId, otherId).
packages/backend/src/models/ChatMessage.ts	typeorm-entity	MiChatMessage	chat_message	chat	packages/features/chat/backend/models/ChatMessage.ts	placed-with-bridge	User sender/recipient, optional ChatRoom + DriveFile; preserve cascade vs SET NULL; reads raw IDs.
packages/backend/src/models/ChatRoom.ts	typeorm-entity	MiChatRoom	chat_room	chat	packages/features/chat/backend/models/ChatRoom.ts	placed-with-bridge	Owner User FK cascades; keep archive/description defaults.
packages/backend/src/models/ChatRoomInvitation.ts	typeorm-entity	MiChatRoomInvitation	chat_room_invitation	chat	packages/features/chat/backend/models/ChatRoomInvitation.ts	placed-with-bridge	User/ChatRoom FKs; unique (userId, roomId), ignored default.
packages/backend/src/models/ChatRoomMembership.ts	typeorm-entity	MiChatRoomMembership	chat_room_membership	chat	packages/features/chat/backend/models/ChatRoomMembership.ts	placed-with-bridge	User/ChatRoom FKs; unique (userId, roomId), mute defaults.
packages/backend/src/models/Clip.ts	typeorm-entity	MiClip	clip	collections	packages/features/collections/backend/models/Clip.ts	placed-with-bridge	Owner User FK cascades.
packages/backend/src/models/ClipFavorite.ts	typeorm-entity	MiClipFavorite	clip_favorite	collections	packages/features/collections/backend/models/ClipFavorite.ts	placed-with-bridge	User/Clip FKs; unique (userId, clipId).
packages/backend/src/models/ClipNote.ts	typeorm-entity	MiClipNote	clip_note	collections	packages/features/collections/backend/models/ClipNote.ts	placed-with-bridge	Note/Clip FKs; unique (noteId, clipId), cascades both.
packages/backend/src/models/DriveFile.ts	typeorm-entity	MiDriveFile	drive_file	drive	packages/features/drive/backend/models/DriveFile.ts	placed-with-bridge	User + DriveFolder SET NULL; nullable unique access-key indexes and request metadata are schema-sensitive.
packages/backend/src/models/DriveFolder.ts	typeorm-entity	MiDriveFolder	drive_folder	drive	packages/features/drive/backend/models/DriveFolder.ts	placed-with-bridge	User-owned folder; self-parent SET NULL; user deletion cascades.
packages/backend/src/models/Emoji.ts	typeorm-entity	MiEmoji	emoji	emojis	packages/features/emojis/backend/models/Emoji.ts	placed-with-bridge	Unique (name, host); role visibility is a denormalized ID array with production GIN index synchronize:false.
packages/backend/src/models/Flash.ts	typeorm-entity	MiFlash	flash	play	packages/features/play/backend/models/Flash.ts	placed-with-bridge	AiScript/Play post; user FK cascades; preserve FlashVisibility.
packages/backend/src/models/FlashLike.ts	typeorm-entity	MiFlashLike	flash_like	play	packages/features/play/backend/models/FlashLike.ts	placed-with-bridge	User/Flash FKs; unique (userId, flashId).
packages/backend/src/models/FollowRequest.ts	typeorm-entity	MiFollowRequest	follow_request	relationships	packages/features/relationships/backend/models/FollowRequest.ts	placed-with-bridge	Directional User pair unique; AP request ID/host/inbox columns are denormalized federation metadata.
packages/backend/src/models/Following.ts	typeorm-entity	MiFollowing	following	relationships	packages/features/relationships/backend/models/Following.ts	placed-with-bridge	Directed User pair unique; federation inbox/host and hibernation columns are denormalized.
packages/backend/src/models/GalleryLike.ts	typeorm-entity	MiGalleryLike	gallery_like	collections	packages/features/collections/backend/models/GalleryLike.ts	placed-with-bridge	User/GalleryPost FKs; unique (userId, postId).
packages/backend/src/models/GalleryPost.ts	typeorm-entity	MiGalleryPost	gallery_post	collections	packages/features/collections/backend/models/GalleryPost.ts	placed-with-bridge	User-owned; fileIds are ID array, not DriveFile FK; permissive copy constructor.
packages/backend/src/models/Hashtag.ts	typeorm-entity	MiHashtag	hashtag	discovery	packages/features/discovery/backend/models/Hashtag.ts	placed-with-bridge	Unique normalized tag; user-ID arrays/counters denormalized (type-only User dependency).
packages/backend/src/models/Instance.ts	typeorm-entity	MiInstance	instance	federation	packages/features/federation/backend/models/Instance.ts	placed-with-bridge	Remote peer registry (host unique, delivery/metadata); distinct from local Meta settings.
packages/backend/src/models/Meta.ts	typeorm-entity	MiMeta	meta	instance	packages/features/instance/backend/models/Meta.ts	placed-with-bridge	Local singleton server config; optional root User SET NULL; broad setting blob stays instance-owned.
packages/backend/src/models/ModerationLog.ts	typeorm-entity	MiModerationLog	moderation_log	moderation	packages/features/moderation/backend/models/ModerationLog.ts	placed-with-bridge	Audit actor User FK cascades; info arbitrary JSON.
packages/backend/src/models/Muting.ts	typeorm-entity	MiMuting	muting	relationships	packages/features/relationships/backend/models/Muting.ts	placed-with-bridge	Directional muter/mutee User pair unique; nullable expiry.
packages/backend/src/models/Note.ts	typeorm-entity	MiNote	note	notes	packages/features/notes/backend/models/Note.ts	placed-with-bridge	Core Note; reply/renote self relations disable FK constraints; User/Channel runtime relations; arrays contain non-FK IDs; preserve large-table indexes.
packages/backend/src/models/NoteDraft.ts	typeorm-entity	MiNoteDraft	note_draft	notes	packages/features/notes/backend/models/NoteDraft.ts	placed-with-bridge	Draft/scheduled note; User/Note/Channel relations; reply/renote FKs disabled; IDs in arrays are not relations.
packages/backend/src/models/NoteFavorite.ts	typeorm-entity	MiNoteFavorite	note_favorite	collections	packages/features/collections/backend/models/NoteFavorite.ts	placed-with-bridge	User/Note FKs; unique favorite pair; collections owns favorite surface.
packages/backend/src/models/NoteReaction.ts	typeorm-entity	MiNoteReaction	note_reaction	notes	packages/features/notes/backend/models/NoteReaction.ts	placed-with-bridge	User/Note FKs; unique user/note pair; reaction string and nullable relations.
packages/backend/src/models/NoteThreadMuting.ts	typeorm-entity	MiNoteThreadMuting	note_thread_muting	notes	packages/features/notes/backend/models/NoteThreadMuting.ts	placed-with-bridge	User + opaque threadId unique pair; no FK to note/root.
packages/backend/src/models/Page.ts	typeorm-entity	MiPage	page	pages	packages/features/pages/backend/models/Page.ts	placed-with-bridge	User author, optional DriveFile eyecatch SET NULL; JSON content/variables and visible IDs; unique user/name; pageNameSchema export.
packages/backend/src/models/PageLike.ts	typeorm-entity	MiPageLike	page_like	pages	packages/features/pages/backend/models/PageLike.ts	placed-with-bridge	User/Page FKs; unique (userId, pageId).
packages/backend/src/models/PasswordResetRequest.ts	typeorm-entity	MiPasswordResetRequest	password_reset_request	auth	packages/features/auth/backend/models/PasswordResetRequest.ts	placed-with-bridge	User FK cascades; preserve token unique/index behavior.
packages/backend/src/models/Poll.ts	typeorm-entity	MiPoll	poll	notes	packages/features/notes/backend/models/Poll.ts	placed-with-bridge	OneToOne Note via noteId PK/cascade; User/Channel fields denormalized; IPoll exported type.
packages/backend/src/models/PollVote.ts	typeorm-entity	MiPollVote	poll_vote	notes	packages/features/notes/backend/models/PollVote.ts	placed-with-bridge	User/Note FKs; unique (userId,noteId,choice) allows one row per choice.
packages/backend/src/models/PromoNote.ts	typeorm-entity	MiPromoNote	promo_note	instance	packages/features/instance/backend/models/PromoNote.ts	placed-with-bridge	Instance promotion/ad placement record keyed to Note (cascade), with expiry and denormalized author ID; root confirmed instance.
packages/backend/src/models/PromoRead.ts	typeorm-entity	MiPromoRead	promo_read	instance	packages/features/instance/backend/models/PromoRead.ts	placed-with-bridge	Promoted Note read tracking; User/Note FKs and unique pair; root confirmed instance.
packages/backend/src/models/RegistrationTicket.ts	typeorm-entity	MiRegistrationTicket	registration_ticket	auth	packages/features/auth/backend/models/RegistrationTicket.ts	placed-with-bridge	Auth signup record; User creator/used-by joins and nullable fields; preserve join-column mapping.
packages/backend/src/models/RegistryItem.ts	typeorm-entity	MiRegistryItem	registry_item	preferences	packages/features/preferences/backend/models/RegistryItem.ts	placed-with-bridge	User-scoped arbitrary JSON; uniqueness intentionally absent; preserve arbitrary get/output shape (registry migration held).
packages/backend/src/models/Relay.ts	typeorm-entity	MiRelay	relay	federation	packages/features/federation/backend/models/Relay.ts	placed-with-bridge	Federation relay inbox unique and status enum.
packages/backend/src/models/RenoteMuting.ts	typeorm-entity	MiRenoteMuting	renote_muting	relationships	packages/features/relationships/backend/models/RenoteMuting.ts	placed-with-bridge	Directed muter/mutee User pair unique; no expiry.
packages/backend/src/models/RetentionAggregation.ts	typeorm-entity	MiRetentionAggregation	retention_aggregation	statistics	packages/features/statistics/backend/models/RetentionAggregation.ts	placed-with-bridge	Statistics snapshot stores MiUser IDs in an array, no User relation.
packages/backend/src/models/ReversiGame.ts	typeorm-entity	MiReversiGame	reversi_game	games	packages/features/games/backend/models/ReversiGame.ts	placed-with-bridge	Two User FKs CASCADE; winner/surrender IDs are nullable plain columns; form JSONB any.
packages/backend/src/models/Role.ts	typeorm-entity	MiRole	role	roles	packages/features/roles/backend/models/Role.ts	placed-with-bridge	Role policies/condition JSON; exported recursive RoleCondFormulaValue should later move to roles contract.
packages/backend/src/models/RoleAssignment.ts	typeorm-entity	MiRoleAssignment	role_assignment	roles	packages/features/roles/backend/models/RoleAssignment.ts	placed-with-bridge	User/Role FKs; unique pair; nullable expiry.
packages/backend/src/models/Signin.ts	typeorm-entity	MiSignin	signin	auth	packages/features/auth/backend/models/Signin.ts	placed-with-bridge	Auth sign-in audit row; User FK cascade, headers JSONB.
packages/backend/src/models/SwSubscription.ts	typeorm-entity	MiSwSubscription	sw_subscription	notifications	packages/features/notifications/backend/models/SwSubscription.ts	placed-with-bridge	Notification push endpoint/key material; User FK cascade; credential-like fields.
packages/backend/src/models/SystemAccount.ts	typeorm-entity	MiSystemAccount	system_account	users	packages/features/users/backend/models/SystemAccount.ts	placed-with-bridge	System user account; User FK cascade and unique `type` index.
packages/backend/src/models/SystemWebhook.ts	typeorm-entity	MiSystemWebhook	system_webhook	integrations	packages/features/integrations/backend/models/SystemWebhook.ts	placed-with-bridge	Integration delivery config; exported event list/type should align with integrations contract.
packages/backend/src/models/UsedUsername.ts	typeorm-entity	MiUsedUsername	used_username	users	packages/features/users/backend/models/UsedUsername.ts	placed-with-bridge	Retained account name lifecycle row; natural username PK (varchar128), signup/system-account flows.
packages/backend/src/models/User.ts	typeorm-entity	MiUser	user	users	packages/features/users/backend/models/User.ts	placed-with-bridge	User root entity; OneToOne avatar/banner DriveFile relations SET NULL; local/remote aliases and validation schemas should later be split by contract meaning.
packages/backend/src/models/UserIp.ts	typeorm-entity	MiUserIp	user_ip	auth	packages/features/auth/backend/models/UserIp.ts	placed-with-bridge	Account security/audit evidence; integer generated id typed as string; unique (userId,ip), no User FK. Root chose auth.
packages/backend/src/models/UserKeypair.ts	typeorm-entity	MiUserKeypair	user_keypair	federation	packages/features/federation/backend/models/UserKeypair.ts	placed-with-bridge	Federation key material; User OneToOne cascade; private/public key text must remain backend-only.
packages/backend/src/models/UserList.ts	typeorm-entity	MiUserList	user_list	relationships	packages/features/relationships/backend/models/UserList.ts	placed-with-bridge	User-owned relationship list; public flag; relationships owner.
packages/backend/src/models/UserListFavorite.ts	typeorm-entity	MiUserListFavorite	user_list_favorite	relationships	packages/features/relationships/backend/models/UserListFavorite.ts	placed-with-bridge	User/UserList cascading FKs.
packages/backend/src/models/UserListMembership.ts	typeorm-entity	MiUserListMembership	user_list_membership	relationships	packages/features/relationships/backend/models/UserListMembership.ts	placed-with-bridge	User/UserList FKs plus separate userListUserId denormalized column.
packages/backend/src/models/UserMemo.ts	typeorm-entity	MiUserMemo	user_memo	users	packages/features/users/backend/models/UserMemo.ts	placed-with-bridge	Directed personal user memo; both User FKs + unique pair; current endpoint/serializer users-owned per root.
packages/backend/src/models/UserNotePining.ts	typeorm-entity	MiUserNotePining	user_note_pining	notes	packages/features/notes/backend/models/UserNotePining.ts	placed-with-bridge	User/Note FKs; AP featured collection semantics; users serializer/server also consume; root chose notes.
packages/backend/src/models/UserPending.ts	typeorm-entity	MiUserPending	user_pending	auth	packages/features/auth/backend/models/UserPending.ts	placed-with-bridge	Signup verification record, unique code, no User relation; email/password data are credential-adjacent.
packages/backend/src/models/UserProfile.ts	typeorm-entity	MiUserProfile	user_profile	users	packages/features/users/backend/models/UserProfile.ts	placed-with-bridge	User profile with Page and UserList raw/related refs; ACHIEVEMENT_TYPES has public-shape use; keep class metadata.
packages/backend/src/models/UserPublickey.ts	typeorm-entity	MiUserPublickey	user_publickey	federation	packages/features/federation/backend/models/UserPublickey.ts	placed-with-bridge	Federation/AP public key; OneToOne User cascade; keyId/keyPem.
packages/backend/src/models/UserSecurityKey.ts	typeorm-entity	MiUserSecurityKey	user_security_key	auth	packages/features/auth/backend/models/UserSecurityKey.ts	placed-with-bridge	Auth/WebAuthn credential; User FK cascade; preserve varchar(255) credential ID and bigint counter.
packages/backend/src/models/Webhook.ts	typeorm-entity	MiWebhook	webhook	integrations	packages/features/integrations/backend/models/Webhook.ts	placed-with-bridge	User integration config; existing event types come from integrations contract; URL/secret fields sensitive.
packages/backend/src/models/json-schema/abuse-report-notification-recipient.ts	valibot-packed-contract			moderation	packages/features/moderation/contract/packed.ts	valibot-migrated	Former feature path: packages/features/moderation/backend/models/json-schema/abuse-report-notification-recipient.ts. Packed models: AbuseReportNotificationRecipient. Authoritative static Valibot schemas are in packages/features/moderation/contract/packed.ts, composed by packages/features/index/contract/packed.ts. resultObject preserves runtime unknown-key passthrough while inferred types expose declared fields only; this does not add global legacy endpoint output validation or normalize stored data. Legacy endpoint input Schema/SchemaType remains pending the next phase.
packages/backend/src/models/json-schema/achievement.ts	valibot-packed-contract			users	packages/features/users/contract/packed.ts	valibot-migrated	Former feature path: packages/features/users/backend/models/json-schema/achievement.ts. Packed models: Achievement, AchievementName. Authoritative static Valibot schemas are in packages/features/users/contract/packed.ts, composed by packages/features/index/contract/packed.ts. resultObject preserves runtime unknown-key passthrough while inferred types expose declared fields only; this does not add global legacy endpoint output validation or normalize stored data. Legacy endpoint input Schema/SchemaType remains pending the next phase.
packages/backend/src/models/json-schema/ad.ts	valibot-packed-contract			instance	packages/features/instance/contract/packed.ts	valibot-migrated	Former feature path: packages/features/instance/backend/models/json-schema/ad.ts. Packed models: Ad. Authoritative static Valibot schemas are in packages/features/instance/contract/packed.ts, composed by packages/features/index/contract/packed.ts. resultObject preserves runtime unknown-key passthrough while inferred types expose declared fields only; this does not add global legacy endpoint output validation or normalize stored data. Legacy endpoint input Schema/SchemaType remains pending the next phase.
packages/backend/src/models/json-schema/announcement.ts	valibot-packed-contract			announcements	packages/features/announcements/contract/packed.ts	valibot-migrated	Former feature path: packages/features/announcements/backend/models/json-schema/announcement.ts. Packed models: Announcement. Authoritative static Valibot schemas are in packages/features/announcements/contract/packed.ts, composed by packages/features/index/contract/packed.ts. resultObject preserves runtime unknown-key passthrough while inferred types expose declared fields only; this does not add global legacy endpoint output validation or normalize stored data. Legacy endpoint input Schema/SchemaType remains pending the next phase.
packages/backend/src/models/json-schema/antenna.ts	valibot-packed-contract			timelines	packages/features/timelines/contract/packed.ts	valibot-migrated	Former feature path: packages/features/timelines/backend/models/json-schema/antenna.ts. Packed models: Antenna. Authoritative static Valibot schemas are in packages/features/timelines/contract/packed.ts, composed by packages/features/index/contract/packed.ts. resultObject preserves runtime unknown-key passthrough while inferred types expose declared fields only; this does not add global legacy endpoint output validation or normalize stored data. Legacy endpoint input Schema/SchemaType remains pending the next phase.
packages/backend/src/models/json-schema/app.ts	valibot-packed-contract			auth	packages/features/auth/contract/packed.ts	valibot-migrated	Former feature path: packages/features/auth/backend/models/json-schema/app.ts. Packed models: App. Authoritative static Valibot schemas are in packages/features/auth/contract/packed.ts, composed by packages/features/index/contract/packed.ts. resultObject preserves runtime unknown-key passthrough while inferred types expose declared fields only; this does not add global legacy endpoint output validation or normalize stored data. Legacy endpoint input Schema/SchemaType remains pending the next phase.
packages/backend/src/models/json-schema/blocking.ts	valibot-packed-contract			relationships	packages/features/relationships/contract/packed.ts	valibot-migrated	Former feature path: packages/features/relationships/backend/models/json-schema/blocking.ts. Packed models: Blocking. Authoritative static Valibot schemas are in packages/features/relationships/contract/packed.ts, composed by packages/features/index/contract/packed.ts. resultObject preserves runtime unknown-key passthrough while inferred types expose declared fields only; this does not add global legacy endpoint output validation or normalize stored data. Legacy endpoint input Schema/SchemaType remains pending the next phase.
packages/backend/src/models/json-schema/channel.ts	valibot-packed-contract			channels	packages/features/channels/contract/packed.ts	valibot-migrated	Former feature path: packages/features/channels/backend/models/json-schema/channel.ts. Packed models: Channel. Authoritative static Valibot schemas are in packages/features/channels/contract/packed.ts, composed by packages/features/index/contract/packed.ts. resultObject preserves runtime unknown-key passthrough while inferred types expose declared fields only; this does not add global legacy endpoint output validation or normalize stored data. Legacy endpoint input Schema/SchemaType remains pending the next phase.
packages/backend/src/models/json-schema/chat-message.ts	valibot-packed-contract			chat	packages/features/chat/contract/packed.ts	valibot-migrated	Former feature path: packages/features/chat/backend/models/json-schema/chat-message.ts. Packed models: ChatMessage, ChatMessageLite, ChatMessageLiteFor1on1, ChatMessageLiteForRoom. Authoritative static Valibot schemas are in packages/features/chat/contract/packed.ts, composed by packages/features/index/contract/packed.ts. resultObject preserves runtime unknown-key passthrough while inferred types expose declared fields only; this does not add global legacy endpoint output validation or normalize stored data. Legacy endpoint input Schema/SchemaType remains pending the next phase.
packages/backend/src/models/json-schema/chat-room.ts	valibot-packed-contract			chat	packages/features/chat/contract/packed.ts	valibot-migrated	Former feature path: packages/features/chat/backend/models/json-schema/chat-room.ts. Packed models: ChatRoom. Authoritative static Valibot schemas are in packages/features/chat/contract/packed.ts, composed by packages/features/index/contract/packed.ts. resultObject preserves runtime unknown-key passthrough while inferred types expose declared fields only; this does not add global legacy endpoint output validation or normalize stored data. Legacy endpoint input Schema/SchemaType remains pending the next phase.
packages/backend/src/models/json-schema/chat-room-invitation.ts	valibot-packed-contract			chat	packages/features/chat/contract/packed.ts	valibot-migrated	Former feature path: packages/features/chat/backend/models/json-schema/chat-room-invitation.ts. Packed models: ChatRoomInvitation. Authoritative static Valibot schemas are in packages/features/chat/contract/packed.ts, composed by packages/features/index/contract/packed.ts. resultObject preserves runtime unknown-key passthrough while inferred types expose declared fields only; this does not add global legacy endpoint output validation or normalize stored data. Legacy endpoint input Schema/SchemaType remains pending the next phase.
packages/backend/src/models/json-schema/chat-room-membership.ts	valibot-packed-contract			chat	packages/features/chat/contract/packed.ts	valibot-migrated	Former feature path: packages/features/chat/backend/models/json-schema/chat-room-membership.ts. Packed models: ChatRoomMembership. Authoritative static Valibot schemas are in packages/features/chat/contract/packed.ts, composed by packages/features/index/contract/packed.ts. resultObject preserves runtime unknown-key passthrough while inferred types expose declared fields only; this does not add global legacy endpoint output validation or normalize stored data. Legacy endpoint input Schema/SchemaType remains pending the next phase.
packages/backend/src/models/json-schema/clip.ts	valibot-packed-contract			collections	packages/features/collections/contract/packed.ts	valibot-migrated	Former feature path: packages/features/collections/backend/models/json-schema/clip.ts. Packed models: Clip. Authoritative static Valibot schemas are in packages/features/collections/contract/packed.ts, composed by packages/features/index/contract/packed.ts. resultObject preserves runtime unknown-key passthrough while inferred types expose declared fields only; this does not add global legacy endpoint output validation or normalize stored data. Legacy endpoint input Schema/SchemaType remains pending the next phase.
packages/backend/src/models/json-schema/drive-file.ts	valibot-packed-contract			drive	packages/features/drive/contract/packed.ts	valibot-migrated	Former feature path: packages/features/drive/backend/models/json-schema/drive-file.ts. Packed models: DriveFile. Authoritative static Valibot schemas are in packages/features/drive/contract/packed.ts, composed by packages/features/index/contract/packed.ts. resultObject preserves runtime unknown-key passthrough while inferred types expose declared fields only; this does not add global legacy endpoint output validation or normalize stored data. Legacy endpoint input Schema/SchemaType remains pending the next phase.
packages/backend/src/models/json-schema/drive-folder.ts	valibot-packed-contract			drive	packages/features/drive/contract/packed.ts	valibot-migrated	Former feature path: packages/features/drive/backend/models/json-schema/drive-folder.ts. Packed models: DriveFolder. Authoritative static Valibot schemas are in packages/features/drive/contract/packed.ts, composed by packages/features/index/contract/packed.ts. resultObject preserves runtime unknown-key passthrough while inferred types expose declared fields only; this does not add global legacy endpoint output validation or normalize stored data. Legacy endpoint input Schema/SchemaType remains pending the next phase.
packages/backend/src/models/json-schema/emoji.ts	valibot-packed-contract			emojis	packages/features/emojis/contract/packed.ts	valibot-migrated	Former feature path: packages/features/emojis/backend/models/json-schema/emoji.ts. Packed models: EmojiSimple, EmojiDetailed, EmojiDetailedAdmin. Authoritative static Valibot schemas are in packages/features/emojis/contract/packed.ts, composed by packages/features/index/contract/packed.ts. resultObject preserves runtime unknown-key passthrough while inferred types expose declared fields only; this does not add global legacy endpoint output validation or normalize stored data. Legacy endpoint input Schema/SchemaType remains pending the next phase.
packages/backend/src/models/json-schema/federation-instance.ts	valibot-packed-contract			federation	packages/features/federation/contract/packed.ts	valibot-migrated	Former feature path: packages/features/federation/backend/models/json-schema/federation-instance.ts. Packed models: FederationInstance. Authoritative static Valibot schemas are in packages/features/federation/contract/packed.ts, composed by packages/features/index/contract/packed.ts. resultObject preserves runtime unknown-key passthrough while inferred types expose declared fields only; this does not add global legacy endpoint output validation or normalize stored data. Legacy endpoint input Schema/SchemaType remains pending the next phase.
packages/backend/src/models/json-schema/flash.ts	valibot-packed-contract			play	packages/features/play/contract/packed.ts	valibot-migrated	Former feature path: packages/features/play/backend/models/json-schema/flash.ts. Packed models: Flash. Authoritative static Valibot schemas are in packages/features/play/contract/packed.ts, composed by packages/features/index/contract/packed.ts. resultObject preserves runtime unknown-key passthrough while inferred types expose declared fields only; this does not add global legacy endpoint output validation or normalize stored data. Legacy endpoint input Schema/SchemaType remains pending the next phase.
packages/backend/src/models/json-schema/following.ts	valibot-packed-contract			relationships	packages/features/relationships/contract/packed.ts	valibot-migrated	Former feature path: packages/features/relationships/backend/models/json-schema/following.ts. Packed models: Following. Authoritative static Valibot schemas are in packages/features/relationships/contract/packed.ts, composed by packages/features/index/contract/packed.ts. resultObject preserves runtime unknown-key passthrough while inferred types expose declared fields only; this does not add global legacy endpoint output validation or normalize stored data. Legacy endpoint input Schema/SchemaType remains pending the next phase.
packages/backend/src/models/json-schema/gallery-post.ts	valibot-packed-contract			collections	packages/features/collections/contract/gallery/packed.ts	valibot-migrated	Former feature path: packages/features/collections/backend/models/json-schema/gallery-post.ts. Packed models: GalleryPost. Authoritative static Valibot schemas are in packages/features/collections/contract/gallery/packed.ts, composed by packages/features/index/contract/packed.ts. resultObject preserves runtime unknown-key passthrough while inferred types expose declared fields only; this does not add global legacy endpoint output validation or normalize stored data. Legacy endpoint input Schema/SchemaType remains pending the next phase.
packages/backend/src/models/json-schema/hashtag.ts	valibot-packed-contract			discovery	packages/features/discovery/contract/packed.ts	valibot-migrated	Former feature path: packages/features/discovery/backend/models/json-schema/hashtag.ts. Packed models: Hashtag. Authoritative static Valibot schemas are in packages/features/discovery/contract/packed.ts, composed by packages/features/index/contract/packed.ts. resultObject preserves runtime unknown-key passthrough while inferred types expose declared fields only; this does not add global legacy endpoint output validation or normalize stored data. Legacy endpoint input Schema/SchemaType remains pending the next phase.
packages/backend/src/models/json-schema/invite-code.ts	valibot-packed-contract			auth	packages/features/auth/contract/packed.ts	valibot-migrated	Former feature path: packages/features/auth/backend/models/json-schema/invite-code.ts. Packed models: InviteCode. Authoritative static Valibot schemas are in packages/features/auth/contract/packed.ts, composed by packages/features/index/contract/packed.ts. resultObject preserves runtime unknown-key passthrough while inferred types expose declared fields only; this does not add global legacy endpoint output validation or normalize stored data. Legacy endpoint input Schema/SchemaType remains pending the next phase.
packages/backend/src/models/json-schema/meta.ts	valibot-packed-contract			instance	packages/features/instance/contract/packed.ts	valibot-migrated	Former feature path: packages/features/instance/backend/models/json-schema/meta.ts. Packed models: MetaLite, MetaDetailedOnly, MetaDetailed, MetaClientOptions. Authoritative static Valibot schemas are in packages/features/instance/contract/packed.ts, composed by packages/features/index/contract/packed.ts. resultObject preserves runtime unknown-key passthrough while inferred types expose declared fields only; this does not add global legacy endpoint output validation or normalize stored data. Legacy endpoint input Schema/SchemaType remains pending the next phase.
packages/backend/src/models/json-schema/muting.ts	valibot-packed-contract			relationships	packages/features/relationships/contract/packed.ts	valibot-migrated	Former feature path: packages/features/relationships/backend/models/json-schema/muting.ts. Packed models: Muting. Authoritative static Valibot schemas are in packages/features/relationships/contract/packed.ts, composed by packages/features/index/contract/packed.ts. resultObject preserves runtime unknown-key passthrough while inferred types expose declared fields only; this does not add global legacy endpoint output validation or normalize stored data. Legacy endpoint input Schema/SchemaType remains pending the next phase.
packages/backend/src/models/json-schema/note.ts	valibot-packed-contract			notes	packages/features/notes/contract/packed.ts	valibot-migrated	Former feature path: packages/features/notes/backend/models/json-schema/note.ts. Packed models: Note. Authoritative static Valibot schemas are in packages/features/notes/contract/packed.ts, composed by packages/features/index/contract/packed.ts. resultObject preserves runtime unknown-key passthrough while inferred types expose declared fields only; this does not add global legacy endpoint output validation or normalize stored data. Legacy endpoint input Schema/SchemaType remains pending the next phase.
packages/backend/src/models/json-schema/note-draft.ts	valibot-packed-contract			notes	packages/features/notes/contract/packed.ts	valibot-migrated	Former feature path: packages/features/notes/backend/models/json-schema/note-draft.ts. Packed models: NoteDraft. Authoritative static Valibot schemas are in packages/features/notes/contract/packed.ts, composed by packages/features/index/contract/packed.ts. resultObject preserves runtime unknown-key passthrough while inferred types expose declared fields only; this does not add global legacy endpoint output validation or normalize stored data. Legacy endpoint input Schema/SchemaType remains pending the next phase.
packages/backend/src/models/json-schema/note-favorite.ts	valibot-packed-contract			collections	packages/features/collections/contract/packed.ts	valibot-migrated	Former feature path: packages/features/collections/backend/models/json-schema/note-favorite.ts. Packed models: NoteFavorite. Authoritative static Valibot schemas are in packages/features/collections/contract/packed.ts, composed by packages/features/index/contract/packed.ts. resultObject preserves runtime unknown-key passthrough while inferred types expose declared fields only; this does not add global legacy endpoint output validation or normalize stored data. Legacy endpoint input Schema/SchemaType remains pending the next phase.
packages/backend/src/models/json-schema/note-reaction.ts	valibot-packed-contract			notes	packages/features/notes/contract/packed.ts	valibot-migrated	Former feature path: packages/features/notes/backend/models/json-schema/note-reaction.ts. Packed models: NoteReaction, NoteReactionWithNote. Authoritative static Valibot schemas are in packages/features/notes/contract/packed.ts, composed by packages/features/index/contract/packed.ts. resultObject preserves runtime unknown-key passthrough while inferred types expose declared fields only; this does not add global legacy endpoint output validation or normalize stored data. Legacy endpoint input Schema/SchemaType remains pending the next phase.
packages/backend/src/models/json-schema/notification.ts	valibot-packed-contract			notifications	packages/features/notifications/contract/packed.ts	valibot-migrated	Former feature path: packages/features/notifications/backend/models/json-schema/notification.ts. Packed models: Notification. Authoritative static Valibot schemas are in packages/features/notifications/contract/packed.ts, composed by packages/features/index/contract/packed.ts. resultObject preserves runtime unknown-key passthrough while inferred types expose declared fields only; this does not add global legacy endpoint output validation or normalize stored data. Legacy endpoint input Schema/SchemaType remains pending the next phase.
packages/backend/src/models/json-schema/page.ts	valibot-packed-contract			pages	packages/features/pages/contract/packed.ts	valibot-migrated	Former feature path: packages/features/pages/backend/models/json-schema/page.ts. Packed models: Page, PageBlock. Authoritative static Valibot schemas are in packages/features/pages/contract/packed.ts, composed by packages/features/index/contract/packed.ts. resultObject preserves runtime unknown-key passthrough while inferred types expose declared fields only; this does not add global legacy endpoint output validation or normalize stored data. Legacy endpoint input Schema/SchemaType remains pending the next phase.
packages/backend/src/models/json-schema/queue.ts	valibot-packed-contract			operations	packages/features/operations/contract/packed.ts	valibot-migrated	Former feature path: packages/features/operations/backend/models/json-schema/queue.ts. Packed models: QueueCount, QueueMetrics, QueueJob. Authoritative static Valibot schemas are in packages/features/operations/contract/packed.ts, composed by packages/features/index/contract/packed.ts. resultObject preserves runtime unknown-key passthrough while inferred types expose declared fields only; this does not add global legacy endpoint output validation or normalize stored data. Legacy endpoint input Schema/SchemaType remains pending the next phase.
packages/backend/src/models/json-schema/renote-muting.ts	valibot-packed-contract			relationships	packages/features/relationships/contract/packed.ts	valibot-migrated	Former feature path: packages/features/relationships/backend/models/json-schema/renote-muting.ts. Packed models: RenoteMuting. Authoritative static Valibot schemas are in packages/features/relationships/contract/packed.ts, composed by packages/features/index/contract/packed.ts. resultObject preserves runtime unknown-key passthrough while inferred types expose declared fields only; this does not add global legacy endpoint output validation or normalize stored data. Legacy endpoint input Schema/SchemaType remains pending the next phase.
packages/backend/src/models/json-schema/reversi-game.ts	valibot-packed-contract			games	packages/features/games/contract/packed.ts	valibot-migrated	Former feature path: packages/features/games/backend/models/json-schema/reversi-game.ts. Packed models: ReversiGameLite, ReversiGameDetailed. Authoritative static Valibot schemas are in packages/features/games/contract/packed.ts, composed by packages/features/index/contract/packed.ts. resultObject preserves runtime unknown-key passthrough while inferred types expose declared fields only; this does not add global legacy endpoint output validation or normalize stored data. Legacy endpoint input Schema/SchemaType remains pending the next phase.
packages/backend/src/models/json-schema/role.ts	valibot-packed-contract			roles	packages/features/roles/contract/packed.ts	valibot-migrated	Former feature path: packages/features/roles/backend/models/json-schema/role.ts. Packed models: RoleCondFormulaLogics, RoleCondFormulaValueNot, RoleCondFormulaValueIsLocalOrRemote, RoleCondFormulaValueUserSettingBooleanSchema, RoleCondFormulaValueAssignedRole, RoleCondFormulaValueCreated, RoleCondFormulaFollowersOrFollowingOrNotes, RoleCondFormulaValue, RoleLite, Role, RolePolicies. Authoritative static Valibot schemas are in packages/features/roles/contract/packed.ts, composed by packages/features/index/contract/packed.ts. resultObject preserves runtime unknown-key passthrough while inferred types expose declared fields only; this does not add global legacy endpoint output validation or normalize stored data. Legacy endpoint input Schema/SchemaType remains pending the next phase.
packages/backend/src/models/json-schema/signin.ts	valibot-packed-contract			auth	packages/features/auth/contract/packed.ts	valibot-migrated	Former feature path: packages/features/auth/backend/models/json-schema/signin.ts. Packed models: Signin. Authoritative static Valibot schemas are in packages/features/auth/contract/packed.ts, composed by packages/features/index/contract/packed.ts. resultObject preserves runtime unknown-key passthrough while inferred types expose declared fields only; this does not add global legacy endpoint output validation or normalize stored data. Legacy endpoint input Schema/SchemaType remains pending the next phase.
packages/backend/src/models/json-schema/system-webhook.ts	valibot-packed-contract			integrations	packages/features/integrations/contract/packed.ts	valibot-migrated	Former feature path: packages/features/integrations/backend/models/json-schema/system-webhook.ts. Packed models: SystemWebhook. Authoritative static Valibot schemas are in packages/features/integrations/contract/packed.ts, composed by packages/features/index/contract/packed.ts. resultObject preserves runtime unknown-key passthrough while inferred types expose declared fields only; this does not add global legacy endpoint output validation or normalize stored data. Legacy endpoint input Schema/SchemaType remains pending the next phase.
packages/backend/src/models/json-schema/user.ts	valibot-packed-contract			users	packages/features/users/contract/packed.ts	valibot-migrated	Former feature path: packages/features/users/backend/models/json-schema/user.ts. Packed models: UserLite, UserDetailedNotMeOnly, MeDetailedOnly, UserDetailedNotMe, MeDetailed, UserDetailed, User. Authoritative static Valibot schemas are in packages/features/users/contract/packed.ts, composed by packages/features/index/contract/packed.ts. resultObject preserves runtime unknown-key passthrough while inferred types expose declared fields only; this does not add global legacy endpoint output validation or normalize stored data. Legacy endpoint input Schema/SchemaType remains pending the next phase.
packages/backend/src/models/json-schema/user-list.ts	valibot-packed-contract			relationships	packages/features/relationships/contract/packed.ts	valibot-migrated	Former feature path: packages/features/relationships/backend/models/json-schema/user-list.ts. Packed models: UserList. Authoritative static Valibot schemas are in packages/features/relationships/contract/packed.ts, composed by packages/features/index/contract/packed.ts. resultObject preserves runtime unknown-key passthrough while inferred types expose declared fields only; this does not add global legacy endpoint output validation or normalize stored data. Legacy endpoint input Schema/SchemaType remains pending the next phase.
packages/backend/src/models/json-schema/user-webhook.ts	valibot-packed-contract			integrations	packages/features/integrations/contract/packed.ts	valibot-migrated	Former feature path: packages/features/integrations/backend/models/json-schema/user-webhook.ts. Packed models: UserWebhook. Authoritative static Valibot schemas are in packages/features/integrations/contract/packed.ts, composed by packages/features/index/contract/packed.ts. resultObject preserves runtime unknown-key passthrough while inferred types expose declared fields only; this does not add global legacy endpoint output validation or normalize stored data. Legacy endpoint input Schema/SchemaType remains pending the next phase.
packages/backend/src/models/Notification.ts	backend-model-types			notifications	packages/features/notifications/backend/models/Notification.ts	placed-with-bridge	Not an @Entity: MiNotification/MiGroupedNotification type unions import User/Note/AccessToken/Role/DriveFile/NoteDraft plus userExportableEntities; keep entity identities backend-private for now.
packages/backend/src/models/update-instance-meta.ts	backend-persistence-helper			instance	packages/features/instance/backend/models/update-instance-meta.ts	placed-with-bridge	Transitional MiMeta transaction adapter; picks last id-desc row and creates id x if absent.
packages/backend/src/models/_.ts	host-compatibility-barrel			backend-composition	packages/backend/src/models/_.ts	host/parent-decided	Cross-domain import/re-export barrel for all entity constructors and Repository aliases plus miRepository; retain at host old path as bridge, do not create mixed feature index barrel during placement.
packages/backend/src/models/RepositoryModule.ts	host-composition			backend-composition	packages/backend/src/models/RepositoryModule.ts	host/parent-decided	707-line Nest provider module registers getRepository(MiX) for all domains; keep host composition now, consider index/backend only after DI architecture decision.
packages/backend/src/models/util/id.ts	typeorm-helper			persistence	packages/features/persistence/backend/models/util/id.ts	feature-owned	Backend-only TypeORM varchar(32) column-options factory. Canonical persistence leaf; feature entities import @features/persistence/backend/models/util/id.js. No host forwarding facade.
